Initialising login role...
Dumping data from remote database...
SET session_replication_role = replica;

--
-- PostgreSQL database dump
--

-- Dumped from database version 17.4
-- Dumped by pg_dump version 17.4

SET statement_timeout = 0;
SET lock_timeout = 0;
SET idle_in_transaction_session_timeout = 0;
SET transaction_timeout = 0;
SET client_encoding = 'UTF8';
SET standard_conforming_strings = on;
SELECT pg_catalog.set_config('search_path', '', false);
SET check_function_bodies = false;
SET xmloption = content;
SET client_min_messages = warning;
SET row_security = off;

--
-- Data for Name: audit_log_entries; Type: TABLE DATA; Schema: auth; Owner: supabase_auth_admin
--

INSERT INTO "auth"."audit_log_entries" ("instance_id", "id", "payload", "created_at", "ip_address") VALUES
	('00000000-0000-0000-0000-000000000000', '6a2128bc-124a-4137-97aa-5b363f8b6d17', '{"action":"user_signedup","actor_id":"3c515e67-f05b-4644-9cdc-12407a6825f4","actor_name":"Joseph Herrmann","actor_username":"joe@theholetruth.org","actor_via_sso":false,"log_type":"team","traits":{"provider":"google"}}', '2025-09-04 05:57:00.613233+00', ''),
	('00000000-0000-0000-0000-000000000000', 'f29a60fe-776d-4521-9d81-8ba47fe447f3', '{"action":"login","actor_id":"3c515e67-f05b-4644-9cdc-12407a6825f4","actor_name":"Joseph Herrmann","actor_username":"joe@theholetruth.org","actor_via_sso":false,"log_type":"account","traits":{"provider":"google"}}', '2025-09-04 06:01:58.453482+00', ''),
	('00000000-0000-0000-0000-000000000000', '8532bb9d-187e-4ff7-b41d-babffbd8068e', '{"action":"login","actor_id":"3c515e67-f05b-4644-9cdc-12407a6825f4","actor_name":"Joseph Herrmann","actor_username":"joe@theholetruth.org","actor_via_sso":false,"log_type":"account","traits":{"provider":"google"}}', '2025-09-04 06:02:00.648632+00', ''),
	('00000000-0000-0000-0000-000000000000', 'e2552fe5-8073-411f-839b-9d78ac9e4bb0', '{"action":"login","actor_id":"3c515e67-f05b-4644-9cdc-12407a6825f4","actor_name":"Joseph Herrmann","actor_username":"joe@theholetruth.org","actor_via_sso":false,"log_type":"account","traits":{"provider":"google"}}', '2025-09-04 06:02:02.630072+00', ''),
	('00000000-0000-0000-0000-000000000000', 'd3177217-7073-44d8-b91b-1ee5bcef65dd', '{"action":"login","actor_id":"3c515e67-f05b-4644-9cdc-12407a6825f4","actor_name":"Joseph Herrmann","actor_username":"joe@theholetruth.org","actor_via_sso":false,"log_type":"account","traits":{"provider":"google"}}', '2025-09-04 06:02:11.955277+00', ''),
	('00000000-0000-0000-0000-000000000000', 'fef4d760-19ce-4c06-b8d2-6fe9bf0ca789', '{"action":"login","actor_id":"3c515e67-f05b-4644-9cdc-12407a6825f4","actor_name":"Joseph Herrmann","actor_username":"joe@theholetruth.org","actor_via_sso":false,"log_type":"account","traits":{"provider":"google"}}', '2025-09-04 06:03:08.403781+00', ''),
	('00000000-0000-0000-0000-000000000000', 'd0c73441-324e-4fbd-b36f-0b60e39cbc0e', '{"action":"login","actor_id":"3c515e67-f05b-4644-9cdc-12407a6825f4","actor_name":"Joseph Herrmann","actor_username":"joe@theholetruth.org","actor_via_sso":false,"log_type":"account","traits":{"provider":"google"}}', '2025-09-04 06:07:25.812417+00', ''),
	('00000000-0000-0000-0000-000000000000', '32bc19f0-2bd5-4ffd-9cdd-1e4c9e3f342e', '{"action":"login","actor_id":"3c515e67-f05b-4644-9cdc-12407a6825f4","actor_name":"Joseph Herrmann","actor_username":"joe@theholetruth.org","actor_via_sso":false,"log_type":"account","traits":{"provider":"google"}}', '2025-09-05 04:10:47.299092+00', ''),
	('00000000-0000-0000-0000-000000000000', '5eb11b6d-0621-4ede-82d1-8dfb0927ea39', '{"action":"user_signedup","actor_id":"07015fc9-fb37-4eb2-a6b8-224df759012e","actor_name":"Joseph Herrmann","actor_username":"joeherrmann@gmail.com","actor_via_sso":false,"log_type":"team","traits":{"provider":"google"}}', '2025-09-05 08:48:17.055019+00', ''),
	('00000000-0000-0000-0000-000000000000', '15654252-39ec-4258-acf5-e9e3398af7d7', '{"action":"login","actor_id":"3c515e67-f05b-4644-9cdc-12407a6825f4","actor_name":"Joseph Herrmann","actor_username":"joe@theholetruth.org","actor_via_sso":false,"log_type":"account","traits":{"provider":"google"}}', '2025-09-06 00:00:23.031696+00', ''),
	('00000000-0000-0000-0000-000000000000', '97235ef0-4851-4035-bffc-81110ba825d2', '{"action":"login","actor_id":"3c515e67-f05b-4644-9cdc-12407a6825f4","actor_name":"Joseph Herrmann","actor_username":"joe@theholetruth.org","actor_via_sso":false,"log_type":"account","traits":{"provider":"google"}}', '2025-09-06 00:01:10.164874+00', ''),
	('00000000-0000-0000-0000-000000000000', '6f7a778f-f933-494b-ac12-9baf78bc6ed3', '{"action":"login","actor_id":"3c515e67-f05b-4644-9cdc-12407a6825f4","actor_name":"Joseph Herrmann","actor_username":"joe@theholetruth.org","actor_via_sso":false,"log_type":"account","traits":{"provider":"google"}}', '2025-09-06 06:48:15.571902+00', ''),
	('00000000-0000-0000-0000-000000000000', '95f20a6b-3a60-4193-a4bc-d7e7b6feb8d3', '{"action":"login","actor_id":"3c515e67-f05b-4644-9cdc-12407a6825f4","actor_name":"Joseph Herrmann","actor_username":"joe@theholetruth.org","actor_via_sso":false,"log_type":"account","traits":{"provider":"google"}}', '2025-09-06 06:48:53.960942+00', ''),
	('00000000-0000-0000-0000-000000000000', '1a488acf-1fea-4fd2-8784-a91f16aec2e9', '{"action":"login","actor_id":"07015fc9-fb37-4eb2-a6b8-224df759012e","actor_name":"Joseph Herrmann","actor_username":"joeherrmann@gmail.com","actor_via_sso":false,"log_type":"account","traits":{"provider":"google"}}', '2025-09-06 06:50:25.543466+00', ''),
	('00000000-0000-0000-0000-000000000000', 'd24c5c0e-b6e4-4ac1-94bd-68b2943038b4', '{"action":"login","actor_id":"3c515e67-f05b-4644-9cdc-12407a6825f4","actor_name":"Joseph Herrmann","actor_username":"joe@theholetruth.org","actor_via_sso":false,"log_type":"account","traits":{"provider":"google"}}', '2025-09-06 08:01:17.982005+00', ''),
	('00000000-0000-0000-0000-000000000000', '273c6826-2d7c-45cd-8c0d-d86e3928a924', '{"action":"login","actor_id":"3c515e67-f05b-4644-9cdc-12407a6825f4","actor_name":"Joseph Herrmann","actor_username":"joe@theholetruth.org","actor_via_sso":false,"log_type":"account","traits":{"provider":"google"}}', '2025-09-06 08:24:32.846717+00', ''),
	('00000000-0000-0000-0000-000000000000', '4a154125-ec4d-4dd5-9ecb-e54f82e52454', '{"action":"login","actor_id":"3c515e67-f05b-4644-9cdc-12407a6825f4","actor_name":"Joseph Herrmann","actor_username":"joe@theholetruth.org","actor_via_sso":false,"log_type":"account","traits":{"provider":"google"}}', '2025-09-07 01:02:17.373166+00', ''),
	('00000000-0000-0000-0000-000000000000', '3b88d8f6-0f04-441a-92c9-23ac1f2985e8', '{"action":"login","actor_id":"3c515e67-f05b-4644-9cdc-12407a6825f4","actor_name":"Joseph Herrmann","actor_username":"joe@theholetruth.org","actor_via_sso":false,"log_type":"account","traits":{"provider":"google"}}', '2025-09-07 01:18:44.559742+00', ''),
	('00000000-0000-0000-0000-000000000000', 'a5e6bb79-9525-475a-a883-e0e43b1975b2', '{"action":"user_confirmation_requested","actor_id":"bc440feb-fd0c-49e3-b3cb-dee3d408b86a","actor_username":"sdf@theholetruth.org","actor_via_sso":false,"log_type":"user","traits":{"provider":"email"}}', '2025-09-07 01:19:13.080416+00', ''),
	('00000000-0000-0000-0000-000000000000', '05107f03-fa39-4ff8-a429-b90a27ab749d', '{"action":"user_signedup","actor_id":"bc440feb-fd0c-49e3-b3cb-dee3d408b86a","actor_username":"sdf@theholetruth.org","actor_via_sso":false,"log_type":"team","traits":{"provider":"email"}}', '2025-09-07 01:19:25.965343+00', ''),
	('00000000-0000-0000-0000-000000000000', 'ded9232c-a1a8-4fcc-85bc-1ebbade847b1', '{"action":"login","actor_id":"3c515e67-f05b-4644-9cdc-12407a6825f4","actor_name":"Joseph Herrmann","actor_username":"joe@theholetruth.org","actor_via_sso":false,"log_type":"account","traits":{"provider":"google"}}', '2025-09-10 06:44:11.49839+00', '');


--
-- Data for Name: flow_state; Type: TABLE DATA; Schema: auth; Owner: supabase_auth_admin
--



--
-- Data for Name: users; Type: TABLE DATA; Schema: auth; Owner: supabase_auth_admin
--

INSERT INTO "auth"."users" ("instance_id", "id", "aud", "role", "email", "encrypted_password", "email_confirmed_at", "invited_at", "confirmation_token", "confirmation_sent_at", "recovery_token", "recovery_sent_at", "email_change_token_new", "email_change", "email_change_sent_at", "last_sign_in_at", "raw_app_meta_data", "raw_user_meta_data", "is_super_admin", "created_at", "updated_at", "phone", "phone_confirmed_at", "phone_change", "phone_change_token", "phone_change_sent_at", "email_change_token_current", "email_change_confirm_status", "banned_until", "reauthentication_token", "reauthentication_sent_at", "is_sso_user", "deleted_at", "is_anonymous") VALUES
	('00000000-0000-0000-0000-000000000000', '3c515e67-f05b-4644-9cdc-12407a6825f4', 'authenticated', 'authenticated', 'joe@theholetruth.org', NULL, '2025-09-04 05:57:00.621565+00', NULL, '', NULL, '', NULL, '', '', NULL, '2025-09-10 06:44:11.500755+00', '{"provider": "google", "providers": ["google"]}', '{"iss": "https://accounts.google.com", "sub": "102995784083806463751", "name": "Joseph Herrmann", "email": "joe@theholetruth.org", "full_name": "Joseph Herrmann", "provider_id": "102995784083806463751", "custom_claims": {"hd": "theholetruth.org"}, "email_verified": true, "phone_verified": false}', NULL, '2025-09-04 05:57:00.576034+00', '2025-09-10 06:44:11.506266+00', NULL, NULL, '', '', NULL, '', 0, NULL, '', NULL, false, NULL, false),
	('00000000-0000-0000-0000-000000000000', '07015fc9-fb37-4eb2-a6b8-224df759012e', 'authenticated', 'authenticated', 'joeherrmann@gmail.com', NULL, '2025-09-05 08:48:17.062248+00', NULL, '', NULL, '', NULL, '', '', NULL, '2025-09-06 06:50:25.544774+00', '{"provider": "google", "providers": ["google"]}', '{"iss": "https://accounts.google.com", "sub": "115746407468237322967", "name": "Joseph Herrmann", "email": "joeherrmann@gmail.com", "full_name": "Joseph Herrmann", "provider_id": "115746407468237322967", "email_verified": true, "phone_verified": false}', NULL, '2025-09-05 08:48:16.985228+00', '2025-09-06 06:50:25.548736+00', NULL, NULL, '', '', NULL, '', 0, NULL, '', NULL, false, NULL, false),
	('00000000-0000-0000-0000-000000000000', 'bc440feb-fd0c-49e3-b3cb-dee3d408b86a', 'authenticated', 'authenticated', 'sdf@theholetruth.org', '$2a$10$bbSVhfdU2LFkSNl4VTkcz.d7WylKXQvonjV1sKlpxo01yMg6Z1Ylu', '2025-09-07 01:19:25.966384+00', NULL, '', '2025-09-07 01:19:13.081509+00', '', NULL, '', '', NULL, '2025-09-07 01:19:25.970293+00', '{"provider": "email", "providers": ["email"]}', '{"sub": "bc440feb-fd0c-49e3-b3cb-dee3d408b86a", "email": "sdf@theholetruth.org", "email_verified": true, "phone_verified": false}', NULL, '2025-09-07 01:19:13.068981+00', '2025-09-07 01:19:25.972147+00', NULL, NULL, '', '', NULL, '', 0, NULL, '', NULL, false, NULL, false);


--
-- Data for Name: identities; Type: TABLE DATA; Schema: auth; Owner: supabase_auth_admin
--

INSERT INTO "auth"."identities" ("provider_id", "user_id", "identity_data", "provider", "last_sign_in_at", "created_at", "updated_at", "id") VALUES
	('bc440feb-fd0c-49e3-b3cb-dee3d408b86a', 'bc440feb-fd0c-49e3-b3cb-dee3d408b86a', '{"sub": "bc440feb-fd0c-49e3-b3cb-dee3d408b86a", "email": "sdf@theholetruth.org", "email_verified": true, "phone_verified": false}', 'email', '2025-09-07 01:19:13.076811+00', '2025-09-07 01:19:13.076867+00', '2025-09-07 01:19:13.076867+00', 'c1e8e611-8a41-4c8e-84cc-e2e0855fa696'),
	('102995784083806463751', '3c515e67-f05b-4644-9cdc-12407a6825f4', '{"iss": "https://accounts.google.com", "sub": "102995784083806463751", "name": "Joseph Herrmann", "email": "joe@theholetruth.org", "full_name": "Joseph Herrmann", "provider_id": "102995784083806463751", "custom_claims": {"hd": "theholetruth.org"}, "email_verified": true, "phone_verified": false}', 'google', '2025-09-04 05:57:00.599581+00', '2025-09-04 05:57:00.599633+00', '2025-09-10 06:44:11.493556+00', '4d59a08f-c4d5-4592-b205-d5957eb602b4'),
	('115746407468237322967', '07015fc9-fb37-4eb2-a6b8-224df759012e', '{"iss": "https://accounts.google.com", "sub": "115746407468237322967", "name": "Joseph Herrmann", "email": "joeherrmann@gmail.com", "full_name": "Joseph Herrmann", "provider_id": "115746407468237322967", "email_verified": true, "phone_verified": false}', 'google', '2025-09-05 08:48:17.041322+00', '2025-09-05 08:48:17.041376+00', '2025-09-06 06:50:25.539255+00', 'e9cf03f0-b706-49c6-a983-a9232cd45da2');


--
-- Data for Name: instances; Type: TABLE DATA; Schema: auth; Owner: supabase_auth_admin
--



--
-- Data for Name: sessions; Type: TABLE DATA; Schema: auth; Owner: supabase_auth_admin
--

INSERT INTO "auth"."sessions" ("id", "user_id", "created_at", "updated_at", "factor_id", "aal", "not_after", "refreshed_at", "user_agent", "ip", "tag") VALUES
	('3af298c1-a402-4269-9deb-b718deea8a8d', '3c515e67-f05b-4644-9cdc-12407a6825f4', '2025-09-04 05:57:00.628146+00', '2025-09-04 05:57:00.628146+00', NULL, 'aal1', NULL, NULL, 'Mozilla/5.0 (Macintosh; Intel Mac OS X 10_15_7) AppleWebKit/537.36 (KHTML, like Gecko) Chrome/142.0.0.0 Safari/537.36', '47.24.208.158', NULL),
	('1e200495-9401-4558-aa68-017d6bf35cfa', '3c515e67-f05b-4644-9cdc-12407a6825f4', '2025-09-04 06:01:58.473773+00', '2025-09-04 06:01:58.473773+00', NULL, 'aal1', NULL, NULL, 'Mozilla/5.0 (Macintosh; Intel Mac OS X 10_15_7) AppleWebKit/537.36 (KHTML, like Gecko) Chrome/142.0.0.0 Safari/537.36', '47.24.208.158', NULL),
	('b505cb98-22a6-493a-a09c-0cd2c6f5a241', '3c515e67-f05b-4644-9cdc-12407a6825f4', '2025-09-04 06:02:00.649398+00', '2025-09-04 06:02:00.649398+00', NULL, 'aal1', NULL, NULL, 'Mozilla/5.0 (Macintosh; Intel Mac OS X 10_15_7) AppleWebKit/537.36 (KHTML, like Gecko) Chrome/142.0.0.0 Safari/537.36', '47.24.208.158', NULL),
	('82d2ba57-88a1-48e9-9f83-47a8500fe703', '3c515e67-f05b-4644-9cdc-12407a6825f4', '2025-09-04 06:02:02.630854+00', '2025-09-04 06:02:02.630854+00', NULL, 'aal1', NULL, NULL, 'Mozilla/5.0 (Macintosh; Intel Mac OS X 10_15_7) AppleWebKit/537.36 (KHTML, like Gecko) Chrome/142.0.0.0 Safari/537.36', '47.24.208.158', NULL),
	('b7b2f0c2-3504-4de0-808c-9eddeaf95bbb', '3c515e67-f05b-4644-9cdc-12407a6825f4', '2025-09-04 06:02:11.955939+00', '2025-09-04 06:02:11.955939+00', NULL, 'aal1', NULL, NULL, 'Mozilla/5.0 (Macintosh; Intel Mac OS X 10_15_7) AppleWebKit/537.36 (KHTML, like Gecko) Chrome/142.0.0.0 Safari/537.36', '47.24.208.158', NULL),
	('13371e5e-beb5-4aef-a49c-24a7caeacf58', '3c515e67-f05b-4644-9cdc-12407a6825f4', '2025-09-04 06:03:08.404497+00', '2025-09-04 06:03:08.404497+00', NULL, 'aal1', NULL, NULL, 'Mozilla/5.0 (Macintosh; Intel Mac OS X 10_15_7) AppleWebKit/537.36 (KHTML, like Gecko) Chrome/142.0.0.0 Safari/537.36', '47.24.208.158', NULL),
	('ff32912d-93e0-44e7-aec8-cd02a9120a0c', '3c515e67-f05b-4644-9cdc-12407a6825f4', '2025-09-04 06:07:25.813489+00', '2025-09-04 06:07:25.813489+00', NULL, 'aal1', NULL, NULL, 'Mozilla/5.0 (Macintosh; Intel Mac OS X 10_15_7) AppleWebKit/537.36 (KHTML, like Gecko) Chrome/142.0.0.0 Safari/537.36', '47.24.208.158', NULL),
	('55349627-a986-4f03-8a42-6eaca4dff6b6', '3c515e67-f05b-4644-9cdc-12407a6825f4', '2025-09-05 04:10:47.311258+00', '2025-09-05 04:10:47.311258+00', NULL, 'aal1', NULL, NULL, 'Mozilla/5.0 (Macintosh; Intel Mac OS X 10_15_7) AppleWebKit/605.1.15 (KHTML, like Gecko) Version/18.6 Safari/605.1.15', '47.24.208.158', NULL),
	('7729da3b-5718-479f-bdcd-2396d474be0b', '07015fc9-fb37-4eb2-a6b8-224df759012e', '2025-09-05 08:48:17.075444+00', '2025-09-05 08:48:17.075444+00', NULL, 'aal1', NULL, NULL, 'Mozilla/5.0 (Macintosh; Intel Mac OS X 10_15_7) AppleWebKit/605.1.15 (KHTML, like Gecko) Version/18.6 Safari/605.1.15', '47.24.208.158', NULL),
	('04b1ec0b-73f7-48ac-ab1f-f108243bfbb9', '3c515e67-f05b-4644-9cdc-12407a6825f4', '2025-09-06 00:00:23.049231+00', '2025-09-06 00:00:23.049231+00', NULL, 'aal1', NULL, NULL, 'Mozilla/5.0 (Macintosh; Intel Mac OS X 10_15_7) AppleWebKit/605.1.15 (KHTML, like Gecko) Version/18.6 Safari/605.1.15', '47.24.208.158', NULL),
	('e79a58ef-90c0-4db8-bcab-0733330c2cda', '3c515e67-f05b-4644-9cdc-12407a6825f4', '2025-09-06 00:01:10.166019+00', '2025-09-06 00:01:10.166019+00', NULL, 'aal1', NULL, NULL, 'Mozilla/5.0 (Macintosh; Intel Mac OS X 10_15_7) AppleWebKit/605.1.15 (KHTML, like Gecko) Version/18.6 Safari/605.1.15', '47.24.208.158', NULL),
	('98dd0677-00f2-4f05-9aa8-e5c7c245a860', '3c515e67-f05b-4644-9cdc-12407a6825f4', '2025-09-06 06:48:15.585711+00', '2025-09-06 06:48:15.585711+00', NULL, 'aal1', NULL, NULL, 'Mozilla/5.0 (Macintosh; Intel Mac OS X 10_15_7) AppleWebKit/605.1.15 (KHTML, like Gecko) Version/18.6 Safari/605.1.15', '47.24.208.158', NULL),
	('150c410a-5111-4660-a8a9-6083859de89c', '3c515e67-f05b-4644-9cdc-12407a6825f4', '2025-09-06 06:48:53.962902+00', '2025-09-06 06:48:53.962902+00', NULL, 'aal1', NULL, NULL, 'Mozilla/5.0 (Macintosh; Intel Mac OS X 10_15_7) AppleWebKit/605.1.15 (KHTML, like Gecko) Version/18.6 Safari/605.1.15', '47.24.208.158', NULL),
	('04583bf2-1840-45dd-9a6a-cd91cdedf5ec', '07015fc9-fb37-4eb2-a6b8-224df759012e', '2025-09-06 06:50:25.544849+00', '2025-09-06 06:50:25.544849+00', NULL, 'aal1', NULL, NULL, 'Mozilla/5.0 (Macintosh; Intel Mac OS X 10_15_7) AppleWebKit/605.1.15 (KHTML, like Gecko) Version/18.6 Safari/605.1.15', '47.24.208.158', NULL),
	('7dfab42f-75dc-448f-809e-b7a3d6f9ca41', '3c515e67-f05b-4644-9cdc-12407a6825f4', '2025-09-06 08:01:17.992465+00', '2025-09-06 08:01:17.992465+00', NULL, 'aal1', NULL, NULL, 'Mozilla/5.0 (Macintosh; Intel Mac OS X 10_15_7) AppleWebKit/605.1.15 (KHTML, like Gecko) Version/18.6 Safari/605.1.15', '47.24.208.158', NULL),
	('0d57c6a5-ccd1-47a4-aa9e-20cff90487d0', '3c515e67-f05b-4644-9cdc-12407a6825f4', '2025-09-06 08:24:32.855315+00', '2025-09-06 08:24:32.855315+00', NULL, 'aal1', NULL, NULL, 'Mozilla/5.0 (Macintosh; Intel Mac OS X 10_15_7) AppleWebKit/605.1.15 (KHTML, like Gecko) Version/18.6 Safari/605.1.15', '47.24.208.158', NULL),
	('2f80016a-7e6e-4b71-a367-c0c7e2775a07', '3c515e67-f05b-4644-9cdc-12407a6825f4', '2025-09-07 01:02:17.376634+00', '2025-09-07 01:02:17.376634+00', NULL, 'aal1', NULL, NULL, 'Mozilla/5.0 (Macintosh; Intel Mac OS X 10_15_7) AppleWebKit/605.1.15 (KHTML, like Gecko) Version/26.0 Safari/605.1.15', '47.24.208.158', NULL),
	('a906b72c-524c-455c-98cf-aaeb606081c9', '3c515e67-f05b-4644-9cdc-12407a6825f4', '2025-09-07 01:18:44.561087+00', '2025-09-07 01:18:44.561087+00', NULL, 'aal1', NULL, NULL, 'Mozilla/5.0 (Macintosh; Intel Mac OS X 10_15_7) AppleWebKit/605.1.15 (KHTML, like Gecko) Version/26.0 Safari/605.1.15', '47.24.208.158', NULL),
	('3b70ddc0-b182-4f54-b50d-4bdd4042c659', 'bc440feb-fd0c-49e3-b3cb-dee3d408b86a', '2025-09-07 01:19:25.97037+00', '2025-09-07 01:19:25.97037+00', NULL, 'aal1', NULL, NULL, 'Mozilla/5.0 (Macintosh; Intel Mac OS X 10_15_7) AppleWebKit/605.1.15 (KHTML, like Gecko) Version/26.0 Safari/605.1.15', '47.24.208.158', NULL),
	('070f7a1c-9397-42fe-be93-8404dc05fc40', '3c515e67-f05b-4644-9cdc-12407a6825f4', '2025-09-10 06:44:11.500852+00', '2025-09-10 06:44:11.500852+00', NULL, 'aal1', NULL, NULL, 'Mozilla/5.0 (Macintosh; Intel Mac OS X 10_15_7) AppleWebKit/605.1.15 (KHTML, like Gecko) Version/26.0 Safari/605.1.15', '47.24.208.158', NULL);


--
-- Data for Name: mfa_amr_claims; Type: TABLE DATA; Schema: auth; Owner: supabase_auth_admin
--

INSERT INTO "auth"."mfa_amr_claims" ("session_id", "created_at", "updated_at", "authentication_method", "id") VALUES
	('3af298c1-a402-4269-9deb-b718deea8a8d', '2025-09-04 05:57:00.664035+00', '2025-09-04 05:57:00.664035+00', 'oauth', '1fbe2cd0-25eb-40c3-b86a-3b432c2e7fb3'),
	('1e200495-9401-4558-aa68-017d6bf35cfa', '2025-09-04 06:01:58.54114+00', '2025-09-04 06:01:58.54114+00', 'oauth', '7345cd3e-850b-4ed9-92b0-b93183e86e4c'),
	('b505cb98-22a6-493a-a09c-0cd2c6f5a241', '2025-09-04 06:02:00.651583+00', '2025-09-04 06:02:00.651583+00', 'oauth', '109edd4b-1190-44fa-9dee-7d91913d4826'),
	('82d2ba57-88a1-48e9-9f83-47a8500fe703', '2025-09-04 06:02:02.632804+00', '2025-09-04 06:02:02.632804+00', 'oauth', 'd48af7e7-c009-4c28-93cc-1efcb5695c77'),
	('b7b2f0c2-3504-4de0-808c-9eddeaf95bbb', '2025-09-04 06:02:11.957891+00', '2025-09-04 06:02:11.957891+00', 'oauth', 'b5a537bb-75ee-4e3e-9e28-615ee58194f1'),
	('13371e5e-beb5-4aef-a49c-24a7caeacf58', '2025-09-04 06:03:08.407071+00', '2025-09-04 06:03:08.407071+00', 'oauth', '3080095c-b99b-4f0a-9e78-6193ffcf651d'),
	('ff32912d-93e0-44e7-aec8-cd02a9120a0c', '2025-09-04 06:07:25.817957+00', '2025-09-04 06:07:25.817957+00', 'oauth', 'd0c4575b-6694-4cc0-a001-c380ccc7269f'),
	('55349627-a986-4f03-8a42-6eaca4dff6b6', '2025-09-05 04:10:47.348527+00', '2025-09-05 04:10:47.348527+00', 'oauth', 'b56b1f41-ab9e-498b-bb0c-4c0c657e0f44'),
	('7729da3b-5718-479f-bdcd-2396d474be0b', '2025-09-05 08:48:17.116345+00', '2025-09-05 08:48:17.116345+00', 'oauth', '543f551e-1b9a-46f5-bab7-81e915ad539c'),
	('04b1ec0b-73f7-48ac-ab1f-f108243bfbb9', '2025-09-06 00:00:23.103669+00', '2025-09-06 00:00:23.103669+00', 'oauth', '5baf3eb1-619a-4ad7-ace7-a6dd2294aa52'),
	('e79a58ef-90c0-4db8-bcab-0733330c2cda', '2025-09-06 00:01:10.170597+00', '2025-09-06 00:01:10.170597+00', 'oauth', 'a2d261d4-b452-4924-ab28-70530d930289'),
	('98dd0677-00f2-4f05-9aa8-e5c7c245a860', '2025-09-06 06:48:15.63007+00', '2025-09-06 06:48:15.63007+00', 'oauth', '2e2a649a-a5b7-4e88-8cd7-d47c37621e09'),
	('150c410a-5111-4660-a8a9-6083859de89c', '2025-09-06 06:48:53.968128+00', '2025-09-06 06:48:53.968128+00', 'oauth', 'ac7edd41-a2d9-4fb9-97bc-30805e128da4'),
	('04583bf2-1840-45dd-9a6a-cd91cdedf5ec', '2025-09-06 06:50:25.549285+00', '2025-09-06 06:50:25.549285+00', 'oauth', '02717f8c-f55c-4b53-95cd-3f1d5a512dcf'),
	('7dfab42f-75dc-448f-809e-b7a3d6f9ca41', '2025-09-06 08:01:18.007124+00', '2025-09-06 08:01:18.007124+00', 'oauth', '4171b89c-d52c-485e-986a-88e278c0703c'),
	('0d57c6a5-ccd1-47a4-aa9e-20cff90487d0', '2025-09-06 08:24:32.868404+00', '2025-09-06 08:24:32.868404+00', 'oauth', 'bb032338-7a5a-48fc-b3d5-066f725b26b3'),
	('2f80016a-7e6e-4b71-a367-c0c7e2775a07', '2025-09-07 01:02:17.388023+00', '2025-09-07 01:02:17.388023+00', 'oauth', '58559178-83b6-4f4f-8ac2-d777cde50d3c'),
	('a906b72c-524c-455c-98cf-aaeb606081c9', '2025-09-07 01:18:44.564554+00', '2025-09-07 01:18:44.564554+00', 'oauth', '30f4d61a-2a79-4bc5-a8ca-46a9b895ae57'),
	('3b70ddc0-b182-4f54-b50d-4bdd4042c659', '2025-09-07 01:19:25.972458+00', '2025-09-07 01:19:25.972458+00', 'otp', 'dff5b85f-3c24-41c2-812a-7878c1b43723'),
	('070f7a1c-9397-42fe-be93-8404dc05fc40', '2025-09-10 06:44:11.506943+00', '2025-09-10 06:44:11.506943+00', 'oauth', '720512bd-5ffb-4d89-9054-b5b8e0ec66df');


--
-- Data for Name: mfa_factors; Type: TABLE DATA; Schema: auth; Owner: supabase_auth_admin
--



--
-- Data for Name: mfa_challenges; Type: TABLE DATA; Schema: auth; Owner: supabase_auth_admin
--



--
-- Data for Name: oauth_clients; Type: TABLE DATA; Schema: auth; Owner: supabase_auth_admin
--



--
-- Data for Name: one_time_tokens; Type: TABLE DATA; Schema: auth; Owner: supabase_auth_admin
--



--
-- Data for Name: refresh_tokens; Type: TABLE DATA; Schema: auth; Owner: supabase_auth_admin
--

INSERT INTO "auth"."refresh_tokens" ("instance_id", "id", "token", "user_id", "revoked", "created_at", "updated_at", "parent", "session_id") VALUES
	('00000000-0000-0000-0000-000000000000', 1, 'e2zptdbn5mge', '3c515e67-f05b-4644-9cdc-12407a6825f4', false, '2025-09-04 05:57:00.640675+00', '2025-09-04 05:57:00.640675+00', NULL, '3af298c1-a402-4269-9deb-b718deea8a8d'),
	('00000000-0000-0000-0000-000000000000', 2, 'rpiyfxklv2hx', '3c515e67-f05b-4644-9cdc-12407a6825f4', false, '2025-09-04 06:01:58.485541+00', '2025-09-04 06:01:58.485541+00', NULL, '1e200495-9401-4558-aa68-017d6bf35cfa'),
	('00000000-0000-0000-0000-000000000000', 3, 'cgfc7pn324eg', '3c515e67-f05b-4644-9cdc-12407a6825f4', false, '2025-09-04 06:02:00.650321+00', '2025-09-04 06:02:00.650321+00', NULL, 'b505cb98-22a6-493a-a09c-0cd2c6f5a241'),
	('00000000-0000-0000-0000-000000000000', 4, 'hvemfhaz4yd7', '3c515e67-f05b-4644-9cdc-12407a6825f4', false, '2025-09-04 06:02:02.631585+00', '2025-09-04 06:02:02.631585+00', NULL, '82d2ba57-88a1-48e9-9f83-47a8500fe703'),
	('00000000-0000-0000-0000-000000000000', 5, 'fjd6tc7tqqss', '3c515e67-f05b-4644-9cdc-12407a6825f4', false, '2025-09-04 06:02:11.956691+00', '2025-09-04 06:02:11.956691+00', NULL, 'b7b2f0c2-3504-4de0-808c-9eddeaf95bbb'),
	('00000000-0000-0000-0000-000000000000', 6, 'sckfidybzosn', '3c515e67-f05b-4644-9cdc-12407a6825f4', false, '2025-09-04 06:03:08.405894+00', '2025-09-04 06:03:08.405894+00', NULL, '13371e5e-beb5-4aef-a49c-24a7caeacf58'),
	('00000000-0000-0000-0000-000000000000', 7, 'y7qayfm4gfb4', '3c515e67-f05b-4644-9cdc-12407a6825f4', false, '2025-09-04 06:07:25.815977+00', '2025-09-04 06:07:25.815977+00', NULL, 'ff32912d-93e0-44e7-aec8-cd02a9120a0c'),
	('00000000-0000-0000-0000-000000000000', 8, 'cjharbcji4hb', '3c515e67-f05b-4644-9cdc-12407a6825f4', false, '2025-09-05 04:10:47.326629+00', '2025-09-05 04:10:47.326629+00', NULL, '55349627-a986-4f03-8a42-6eaca4dff6b6'),
	('00000000-0000-0000-0000-000000000000', 9, 'nhg37ftur5t7', '07015fc9-fb37-4eb2-a6b8-224df759012e', false, '2025-09-05 08:48:17.088414+00', '2025-09-05 08:48:17.088414+00', NULL, '7729da3b-5718-479f-bdcd-2396d474be0b'),
	('00000000-0000-0000-0000-000000000000', 10, 'wq5qqsvxk362', '3c515e67-f05b-4644-9cdc-12407a6825f4', false, '2025-09-06 00:00:23.072834+00', '2025-09-06 00:00:23.072834+00', NULL, '04b1ec0b-73f7-48ac-ab1f-f108243bfbb9'),
	('00000000-0000-0000-0000-000000000000', 11, 'ftknlstelil5', '3c515e67-f05b-4644-9cdc-12407a6825f4', false, '2025-09-06 00:01:10.168141+00', '2025-09-06 00:01:10.168141+00', NULL, 'e79a58ef-90c0-4db8-bcab-0733330c2cda'),
	('00000000-0000-0000-0000-000000000000', 12, 'j4emcdixjdiv', '3c515e67-f05b-4644-9cdc-12407a6825f4', false, '2025-09-06 06:48:15.6+00', '2025-09-06 06:48:15.6+00', NULL, '98dd0677-00f2-4f05-9aa8-e5c7c245a860'),
	('00000000-0000-0000-0000-000000000000', 13, 'w7akahfac5lq', '3c515e67-f05b-4644-9cdc-12407a6825f4', false, '2025-09-06 06:48:53.964271+00', '2025-09-06 06:48:53.964271+00', NULL, '150c410a-5111-4660-a8a9-6083859de89c'),
	('00000000-0000-0000-0000-000000000000', 14, '76xlmuaiy4lg', '07015fc9-fb37-4eb2-a6b8-224df759012e', false, '2025-09-06 06:50:25.546+00', '2025-09-06 06:50:25.546+00', NULL, '04583bf2-1840-45dd-9a6a-cd91cdedf5ec'),
	('00000000-0000-0000-0000-000000000000', 15, 'opngtlanmab3', '3c515e67-f05b-4644-9cdc-12407a6825f4', false, '2025-09-06 08:01:17.998955+00', '2025-09-06 08:01:17.998955+00', NULL, '7dfab42f-75dc-448f-809e-b7a3d6f9ca41'),
	('00000000-0000-0000-0000-000000000000', 16, 'pjy2cy5em7by', '3c515e67-f05b-4644-9cdc-12407a6825f4', false, '2025-09-06 08:24:32.862291+00', '2025-09-06 08:24:32.862291+00', NULL, '0d57c6a5-ccd1-47a4-aa9e-20cff90487d0'),
	('00000000-0000-0000-0000-000000000000', 17, 'xqqqcwrdjian', '3c515e67-f05b-4644-9cdc-12407a6825f4', false, '2025-09-07 01:02:17.380722+00', '2025-09-07 01:02:17.380722+00', NULL, '2f80016a-7e6e-4b71-a367-c0c7e2775a07'),
	('00000000-0000-0000-0000-000000000000', 18, 'nq3i5ui3sqlh', '3c515e67-f05b-4644-9cdc-12407a6825f4', false, '2025-09-07 01:18:44.562322+00', '2025-09-07 01:18:44.562322+00', NULL, 'a906b72c-524c-455c-98cf-aaeb606081c9'),
	('00000000-0000-0000-0000-000000000000', 19, 'yww67msfxmli', 'bc440feb-fd0c-49e3-b3cb-dee3d408b86a', false, '2025-09-07 01:19:25.971181+00', '2025-09-07 01:19:25.971181+00', NULL, '3b70ddc0-b182-4f54-b50d-4bdd4042c659'),
	('00000000-0000-0000-0000-000000000000', 20, 'cy6ksgiwyry5', '3c515e67-f05b-4644-9cdc-12407a6825f4', false, '2025-09-10 06:44:11.503056+00', '2025-09-10 06:44:11.503056+00', NULL, '070f7a1c-9397-42fe-be93-8404dc05fc40');


--
-- Data for Name: sso_providers; Type: TABLE DATA; Schema: auth; Owner: supabase_auth_admin
--



--
-- Data for Name: saml_providers; Type: TABLE DATA; Schema: auth; Owner: supabase_auth_admin
--



--
-- Data for Name: saml_relay_states; Type: TABLE DATA; Schema: auth; Owner: supabase_auth_admin
--



--
-- Data for Name: sso_domains; Type: TABLE DATA; Schema: auth; Owner: supabase_auth_admin
--



--
-- Data for Name: campaigns; Type: TABLE DATA; Schema: donations; Owner: postgres
--

INSERT INTO "donations"."campaigns" ("id", "name", "description", "goal_amount", "current_amount", "start_date", "end_date", "is_active", "image_url", "created_at", "updated_at") VALUES
	('794c887c-3870-4621-aab6-6b83c116317f', 'General Operations Fund', 'Support the daily operations and advocacy efforts of The HOLE Truth Project.', 10000000, 0, '2025-09-06 08:50:11.92612+00', '2026-09-06 08:50:11.92612+00', true, NULL, '2025-09-06 08:50:11.92612+00', '2025-09-06 08:50:11.92612+00'),
	('586a918b-6a78-4dc9-9d6b-4fe1b5e31edf', 'FOIA Legal Defense Fund', 'Help us fight for transparency in court. Funds go towards legal fees and challenges.', 5000000, 0, '2025-09-06 08:50:11.92612+00', '2026-03-06 08:50:11.92612+00', true, NULL, '2025-09-06 08:50:11.92612+00', '2025-09-06 08:50:11.92612+00'),
	('351d9e07-aa5f-46a3-82f2-607c7aebf9cf', 'AI Development Fund', 'Contribute to the development of advanced AI tools for public records requests.', 2000000, 0, '2025-09-06 08:50:11.92612+00', '2027-09-06 08:50:11.92612+00', true, NULL, '2025-09-06 08:50:11.92612+00', '2025-09-06 08:50:11.92612+00');


--
-- Data for Name: donations; Type: TABLE DATA; Schema: donations; Owner: postgres
--



--
-- Data for Name: receipts; Type: TABLE DATA; Schema: donations; Owner: postgres
--



--
-- Data for Name: profiles; Type: TABLE DATA; Schema: foia; Owner: postgres
--



--
-- Data for Name: requests; Type: TABLE DATA; Schema: foia; Owner: postgres
--



--
-- Data for Name: state_strategic_info; Type: TABLE DATA; Schema: foia; Owner: postgres
--

INSERT INTO "foia"."state_strategic_info" ("id", "state_code", "state_name", "transparency_grade", "response_time_statutory", "response_time_actual", "success_rate_percentage", "primary_law_name", "primary_law_citation", "law_type", "official_portal_url", "unusual_features", "fee_structure_details", "exemption_quirks", "deadline_extensions", "common_obstruction_tactics", "agency_evasion_patterns", "typical_false_exemptions", "appeal_process", "appeal_deadline", "enforcement_mechanisms", "court_precedents", "pro_tips", "red_flags", "success_strategies", "attorney_review_typical", "hostile_agency_indicators", "friendly_agency_indicators", "last_updated", "data_sources", "confidence_level") VALUES
	('3eed59b8-058a-4845-8988-14cb525d3eb1', 'TX', 'Texas', 'B+', '10 business days', '15-20 business days', 72.00, 'Texas Public Information Act', 'Texas Government Code Chapter 552', 'PIA', NULL, '{"AG ruling required for denials","Requestor can be charged for programming time","No fee waiver provision","Strong anti-retaliation protections","Very broad definition of public information"}', NULL, NULL, NULL, '{"Excessive programming time estimates ($500+ for simple searches)","Overly broad \"security\" exemptions on routine records","Delayed AG ruling requests (stalling tactic)","False \"no responsive records\" claims","Improper \"ongoing investigation\" exemptions"}', NULL, NULL, 'Request AG ruling within 10 days of denial. AG has 45 days to rule.', NULL, NULL, NULL, '{"Always request electronic format to minimize programming fees","Challenge any programming estimate over $100 for basic records","Cite specific Gov Code sections in your request","Use certified mail for important requests"}', '{"Agency claims everything is \"security sensitive\"","Massive programming time estimates for simple requests","AG ruling delays beyond 45 days","Agencies asking \"why do you need this?\""}', NULL, false, NULL, NULL, '2025-09-09 02:28:50.729235+00', NULL, 'high'),
	('2ce56e6e-4f22-46b2-9754-8925af724880', 'CA', 'California', 'B', '10 calendar days', '12-15 calendar days', 68.00, 'California Public Records Act', 'Government Code Section 6250 et seq.', 'CPRA', NULL, '{"Right to inspect before copying","Expedited response for media requests","Electronic records preferred by law","Fee waiver available for public interest","Broad definition includes emails and texts"}', NULL, NULL, NULL, '{"Overly broad \"deliberative process\" exemptions","Excessive search time estimates","False \"trade secret\" claims on public contracts","Improper redaction of routine information","Claiming consultation delays with third parties"}', NULL, NULL, 'No formal appeal process - must go to court or ombudsman', NULL, NULL, NULL, '{"Always request inspection before copying","Argue public interest for fee waivers","Challenge \"deliberative process\" claims aggressively","Request electronic format to reduce costs"}', '{"Agency claims \"deliberative process\" on factual records","Excessive redaction of names in public meetings","False \"trade secret\" claims on government contracts","Indefinite \"consultation\" delays"}', NULL, false, NULL, NULL, '2025-09-09 02:28:50.729235+00', NULL, 'high'),
	('8ed9f2e4-d56b-4e8a-9f3a-ef1905f3cfee', 'FL', 'Florida', 'A-', 'Immediate if available', '3-7 calendar days', 78.00, 'Florida Sunshine Law', 'Chapter 119, Florida Statutes', 'SUNSHINE', NULL, '{"Immediate response required if records available","First 15 pages free for non-commercial requests","Very broad definition of public records","Strong enforcement with attorney fees","Sunshine law covers meetings and communications"}', NULL, NULL, NULL, '{"False claims of \"active criminal investigation\"","Improper \"security\" exemptions on routine records","Excessive redaction of personal information","Delay tactics citing vague \"reasonable time\"","Claiming records are \"preliminary\" or \"draft\""}', NULL, NULL, 'Circuit court mandamus action. Attorney fees available if you win.', NULL, NULL, NULL, '{"Emphasize \"immediate\" response requirement","Challenge any delay beyond a few days","Use attorney fee threat for compliance","Request rolling production for large requests"}', '{"Any delay beyond 2-3 days without explanation","Claims that routine records are \"security sensitive\"","Excessive redaction of names in public documents","Agencies asking for \"clarification\" on clear requests"}', NULL, false, NULL, NULL, '2025-09-09 02:28:50.729235+00', NULL, 'high'),
	('aef86232-1418-403a-93cc-b7dd9bf63052', 'NY', 'New York', 'B-', '5 business days', '8-12 business days', 65.00, 'Freedom of Information Law', 'Public Officers Law Article 6', 'FOIL', NULL, '{"Very short initial response deadline","Right to appeal to agency head first","Committee on Open Government provides guidance","Broad \"unwarranted invasion of privacy\" exemption"}', NULL, NULL, NULL, '{"Overly broad privacy exemptions on public officials","False \"inter-agency communications\" privilege claims","Excessive fee estimates for electronic records","Improper \"law enforcement\" exemptions on closed cases","Delay tactics during agency head appeals"}', NULL, NULL, 'Appeal to agency head within 30 days, then Article 78 court proceeding', NULL, NULL, NULL, '{"Always appeal denials to agency head first","Challenge privacy exemptions on public officials","Request Committee on Open Government advisory opinion","Cite specific FOIL precedents in appeals"}', '{"Privacy claims on public employee conduct","Blanket \"law enforcement\" exemptions","Excessive fees for email searches","Agency head appeal delays beyond 10 days"}', NULL, false, NULL, NULL, '2025-09-09 02:28:50.729235+00', NULL, 'high');


--
-- Data for Name: templates; Type: TABLE DATA; Schema: foia; Owner: postgres
--



--
-- Data for Name: court_precedents; Type: TABLE DATA; Schema: legal_reference; Owner: postgres
--



--
-- Data for Name: statutes; Type: TABLE DATA; Schema: legal_reference; Owner: postgres
--



--
-- Data for Name: users; Type: TABLE DATA; Schema: next_auth; Owner: postgres
--



--
-- Data for Name: accounts; Type: TABLE DATA; Schema: next_auth; Owner: postgres
--



--
-- Data for Name: sessions; Type: TABLE DATA; Schema: next_auth; Owner: postgres
--



--
-- Data for Name: verification_tokens; Type: TABLE DATA; Schema: next_auth; Owner: postgres
--



--
-- Data for Name: States; Type: TABLE DATA; Schema: public; Owner: postgres
--

INSERT INTO "public"."States" ("key", "value") VALUES
	('state:IL', '"{\"code\":\"IL\",\"name\":\"Illinois\",\"slug\":\"illinois\",\"transparencyLaw\":{\"name\":\"Freedom of Information Act\",\"statute\":\"5 ILCS 140\",\"type\":\"FOIA\",\"url\":\"https://www.ilga.gov/legislation/ilcs/ilcs3.asp?ActID=85&ChapterID=2\"},\"requirements\":{\"responseDeadline\":\"5 business days\",\"extensionAllowed\":\"Additional 5 business days with notice\",\"fees\":{\"firstFiftyPages\":\"Free\",\"additionalPages\":\"$0.15 per page\",\"searchFees\":\"None\",\"programmingFees\":\"Actual cost\"},\"feeWaiver\":{\"available\":true,\"criteria\":[\"Public interest\",\"Inability to pay\"],\"threshold\":\"$50\"}},\"submission\":{\"methods\":[\"email\",\"mail\",\"online portal\"],\"contactTitle\":\"FOIA Officer\",\"mustBeWritten\":true},\"exemptions\":[\"Personal privacy information\",\"Law enforcement investigatory records\",\"Attorney-client privileged communications\",\"Trade secrets and commercial information\"],\"id\":\"state_il_1756668200946\",\"lastUpdated\":\"2025-08-31T19:23:20.946Z\",\"createdAt\":\"2025-08-31T19:23:20.946Z\",\"updatedBy\":\"initial_import\"}"'),
	('state_slug:illinois', '"IL"'),
	('state:TX', '"{\"code\":\"TX\",\"name\":\"Texas\",\"slug\":\"texas\",\"transparencyLaw\":{\"name\":\"Public Information Act\",\"statute\":\"Texas Government Code Chapter 552\",\"type\":\"PIA\",\"url\":\"https://statutes.capitol.texas.gov/Docs/GV/htm/GV.552.htm\"},\"requirements\":{\"responseDeadline\":\"10 business days\",\"extensionAllowed\":\"Additional 10 business days with notice\",\"fees\":{\"programmingTime\":\"$15-40 per hour\",\"copies\":\"Actual cost\",\"overhead\":\"Not allowed\"},\"feeWaiver\":{\"available\":true,\"criteria\":[\"Public interest\",\"Fee exceeds $40\"],\"threshold\":\"$40\"}},\"submission\":{\"methods\":[\"email\",\"mail\",\"online portal\"],\"contactTitle\":\"Public Information Coordinator\",\"mustBeWritten\":true},\"exemptions\":[\"Confidential by law\",\"Ongoing law enforcement investigations\",\"Personal information\",\"Attorney work product\"],\"id\":\"state_tx_1756668201137\",\"lastUpdated\":\"2025-08-31T19:23:21.137Z\",\"createdAt\":\"2025-08-31T19:23:21.137Z\",\"updatedBy\":\"initial_import\"}"'),
	('state_slug:texas', '"TX"'),
	('state:FL', '"{\"code\":\"FL\",\"name\":\"Florida\",\"slug\":\"florida\",\"transparencyLaw\":{\"name\":\"Government in the Sunshine Law\",\"statute\":\"Florida Statutes Chapter 119\",\"type\":\"Public Records Law\",\"url\":\"http://www.leg.state.fl.us/Statutes/index.cfm?App_mode=Display_Statute&URL=0100-0199/0119/0119.html\"},\"requirements\":{\"responseDeadline\":\"Immediate if available\",\"extensionAllowed\":\"Reasonable time if processing needed\",\"fees\":{\"firstFifteenPages\":\"Free (non-commercial)\",\"additionalPages\":\"$0.15 per page\",\"specialRequests\":\"Actual cost\"},\"feeWaiver\":{\"available\":false,\"criteria\":[\"Limited circumstances\"],\"threshold\":\"None\"}},\"submission\":{\"methods\":[\"email\",\"mail\",\"in-person\"],\"contactTitle\":\"Public Records Custodian\",\"mustBeWritten\":false},\"exemptions\":[\"Public safety and security\",\"Personal privacy\",\"Active criminal investigations\",\"Attorney-client privilege\"],\"id\":\"state_fl_1756668201222\",\"lastUpdated\":\"2025-08-31T19:23:21.222Z\",\"createdAt\":\"2025-08-31T19:23:21.222Z\",\"updatedBy\":\"initial_import\"}"'),
	('state_slug:florida', '"FL"'),
	('state:CA', '"{\"code\":\"CA\",\"name\":\"California\",\"slug\":\"california\",\"transparencyLaw\":{\"name\":\"Public Records Act\",\"statute\":\"Government Code Section 6250 et seq.\",\"type\":\"CPRA\",\"url\":\"https://leginfo.legislature.ca.gov/faces/codes_displayText.xhtml?lawCode=GOV&division=7.&title=1.&part=&chapter=3.5.&article=\"},\"requirements\":{\"responseDeadline\":\"10 calendar days\",\"extensionAllowed\":\"14 additional calendar days\",\"fees\":{\"directCostsOnly\":true,\"copies\":\"$0.10 per page\",\"programmingTime\":\"Actual cost\"},\"feeWaiver\":{\"available\":true,\"criteria\":[\"Media\",\"Public interest organizations\"],\"threshold\":\"Varies\"}},\"submission\":{\"methods\":[\"email\",\"mail\",\"online portal\"],\"contactTitle\":\"Public Records Coordinator\",\"mustBeWritten\":true},\"exemptions\":[\"Personnel records\",\"Investigatory files\",\"Attorney work product\",\"Trade secrets\"],\"id\":\"state_ca_1756668201327\",\"lastUpdated\":\"2025-08-31T19:23:21.327Z\",\"createdAt\":\"2025-08-31T19:23:21.327Z\",\"updatedBy\":\"initial_import\"}"'),
	('state_slug:california', '"CA"'),
	('state:NY', '"{\"code\":\"NY\",\"name\":\"New York\",\"slug\":\"new-york\",\"transparencyLaw\":{\"name\":\"Freedom of Information Law\",\"statute\":\"Public Officers Law Article 6\",\"type\":\"FOIL\",\"url\":\"https://www.dos.ny.gov/coog/foil2.html\"},\"requirements\":{\"responseDeadline\":\"5 business days\",\"extensionAllowed\":\"Reasonable time if voluminous\",\"fees\":{\"copies\":\"$0.25 per page\",\"electronicRecords\":\"Actual cost\",\"certifiedCopies\":\"$0.50 per page\"},\"feeWaiver\":{\"available\":true,\"criteria\":[\"News media\",\"Public interest\"],\"threshold\":\"Varies\"}},\"submission\":{\"methods\":[\"email\",\"mail\",\"online portal\"],\"contactTitle\":\"Records Access Officer\",\"mustBeWritten\":true},\"exemptions\":[\"Privacy protection\",\"Law enforcement records\",\"Trade secrets\",\"Attorney-client privilege\"],\"id\":\"state_ny_1756668201408\",\"lastUpdated\":\"2025-08-31T19:23:21.408Z\",\"createdAt\":\"2025-08-31T19:23:21.408Z\",\"updatedBy\":\"initial_import\"}"'),
	('state_slug:new-york', '"NY"'),
	('db_metadata', '"{\"version\":\"1.0\",\"lastUpdated\":\"2025-01-28\",\"description\":\"Comprehensive database of state transparency laws for FOIA/PIA requests\",\"totalStates\":50,\"source\":\"The HOLE Foundation - theholetruth.org\",\"importedAt\":\"2025-08-31T19:23:21.530Z\",\"importedStates\":5}"'),
	('state_slug:alabama', '"AL"'),
	('state_slug:alaska', '"AK"'),
	('state_slug:arizona', '"AZ"'),
	('state_slug:arkansas', '"AR"'),
	('state_slug:colorado', '"CO"'),
	('state_slug:connecticut', '"CT"'),
	('state_slug:district-of-columbia', '"DC"'),
	('state_slug:delaware', '"DE"'),
	('state_slug:georgia', '"GA"'),
	('state:AZ', '"{\"code\":\"AZ\",\"name\":\"Arizona\",\"slug\":\"arizona\",\"transparencyLaw\":{\"name\":\"Public Records Law\",\"statute\":\"A.R.S. §§ 39-101 to -161\",\"type\":\"Public Records Law\",\"url\":\"https://www.azleg.gov/arsDetail/?title=39\"},\"requirements\":{\"responseDeadline\":\"Promptly (no specific time)\",\"extensionAllowed\":\"Reasonable time if voluminous\",\"fees\":{\"copies\":\"Actual cost\",\"searchFees\":\"Limited; special rules for commercial requests\"},\"feeWaiver\":{\"available\":false,\"criteria\":[\"Limited\"],\"threshold\":\"None\"}},\"submission\":{\"methods\":[\"email\",\"mail\",\"in-person\"],\"contactTitle\":\"Public Records Officer\",\"mustBeWritten\":false},\"exemptions\":[\"Privacy balancing\",\"Trade secrets\",\"Investigatory materials\"],\"id\":\"state_az_20250831_02\",\"lastUpdated\":\"2025-08-31T21:00:00Z\",\"createdAt\":\"2025-08-31T21:00:00Z\",\"updatedBy\":\"bulk_seed_batch_3\"}"'),
	('state_slug:hawaii', '"HI"'),
	('state_slug:idaho', '"ID"'),
	('state_slug:indiana', '"IN"'),
	('state_slug:iowa', '"IA"'),
	('state_slug:kansas', '"KS"'),
	('state_slug:kentucky', '"KY"'),
	('state_slug:louisiana', '"LA"'),
	('state_slug:maine', '"ME"'),
	('state_slug:maryland', '"MD"'),
	('state_slug:massachusetts', '"MA"'),
	('state_slug:michigan', '"MI"'),
	('state_slug:minnesota', '"MN"'),
	('state_slug:mississippi', '"MS"'),
	('state_slug:missouri', '"MO"'),
	('state:AK', '"{\"code\":\"AK\",\"name\":\"Alaska\",\"slug\":\"alaska\",\"transparencyLaw\":{\"name\":\"Alaska Public Records Act\",\"statute\":\"AS 40.25.110–.220\",\"type\":\"Public Records Act\",\"url\":\"https://touchngo.com/lglcntr/akstats/Statutes/Title40/Chapter25/Section110.htm\"},\"requirements\":{\"responseDeadline\":\"10 working days\",\"extensionAllowed\":\"Up to 30 days with justification\",\"fees\":{\"copies\":\"Agency unit cost\",\"searchTime\":\"Actual cost; kept to a minimum\"},\"feeWaiver\":{\"available\":true,\"criteria\":[\"Public interest\",\"Indigency\"],\"threshold\":\"Varies\"}},\"submission\":{\"methods\":[\"email\",\"mail\",\"in-person\"],\"contactTitle\":\"Public Records Officer\",\"mustBeWritten\":true},\"exemptions\":[\"Personal privacy\",\"Juvenile/adoption\",\"Some law-enforcement records\"],\"id\":\"state_ak_20250831_02\",\"lastUpdated\":\"2025-08-31T21:00:00Z\",\"createdAt\":\"2025-08-31T21:00:00Z\",\"updatedBy\":\"bulk_seed_batch_3\"}"'),
	('state:DE', '"{\"code\":\"DE\",\"name\":\"Delaware\",\"slug\":\"delaware\",\"transparencyLaw\":{\"name\":\"Freedom of Information Act\",\"statute\":\"29 Del. C. § 10001 et seq.\",\"type\":\"FOIA\",\"url\":\"https://delcode.delaware.gov/title29/c100/\"},\"requirements\":{\"responseDeadline\":\"15 business days\",\"extensionAllowed\":\"+10 days if necessary\",\"fees\":{\"copies\":\"Reasonable duplication cost (policy)\",\"searchTime\":\"Actual labor where authorized; estimate required\"},\"feeWaiver\":{\"available\":true,\"criteria\":[\"Public interest\"],\"threshold\":\"Varies\"}},\"submission\":{\"methods\":[\"email\",\"mail\",\"in-person\"],\"contactTitle\":\"FOIA Coordinator\",\"mustBeWritten\":true},\"exemptions\":[\"Personnel\",\"Criminal files\",\"Trade secrets/competitive harm\"],\"id\":\"state_de_20250831_02\",\"lastUpdated\":\"2025-08-31T21:00:00Z\",\"createdAt\":\"2025-08-31T21:00:00Z\",\"updatedBy\":\"bulk_seed_batch_3\"}"'),
	('state:DC', '"{\"code\":\"DC\",\"name\":\"District of Columbia\",\"slug\":\"district-of-columbia\",\"transparencyLaw\":{\"name\":\"Freedom of Information Act\",\"statute\":\"D.C. Code §§ 2-531–540\",\"type\":\"FOIA\",\"url\":\"https://code.dccouncil.gov/us/dc/council/code/titles/2/chapters/5/subchapters/II\"},\"requirements\":{\"responseDeadline\":\"15 working days\",\"extensionAllowed\":\"Reasonable extension\",\"fees\":{\"copies\":\"Actual duplication cost\",\"searchTime\":\"Actual search/review at cost\"},\"feeWaiver\":{\"available\":true,\"criteria\":[\"Public interest\",\"Media\"],\"threshold\":\"Agency rules\"}},\"submission\":{\"methods\":[\"email\",\"mail\",\"online portal\",\"in-person\"],\"contactTitle\":\"FOIA Officer\",\"mustBeWritten\":true},\"exemptions\":[\"Personal privacy\",\"Law-enforcement\",\"Deliberative materials\"],\"id\":\"state_dc_20250831_02\",\"lastUpdated\":\"2025-08-31T21:00:00Z\",\"createdAt\":\"2025-08-31T21:00:00Z\",\"updatedBy\":\"bulk_seed_batch_3\"}"'),
	('state:CT', '"{\"code\":\"CT\",\"name\":\"Connecticut\",\"slug\":\"connecticut\",\"transparencyLaw\":{\"name\":\"Freedom of Information Act\",\"statute\":\"Conn. Gen. Stat. § 1-200 et seq.\",\"type\":\"FOIA\",\"url\":\"https://www.cga.ct.gov/current/pub/chap_014.htm\"},\"requirements\":{\"responseDeadline\":\"4 business days\",\"extensionAllowed\":\"Reasonable time if voluminous\",\"fees\":{\"copies\":\"$0.25–$0.50 per page\",\"searchTime\":\"Actual cost (e.g., transcription/electronic)\"},\"feeWaiver\":{\"available\":true,\"criteria\":[\"Public interest\",\"Financial hardship\"],\"threshold\":\"Varies\"}},\"submission\":{\"methods\":[\"email\",\"mail\",\"in-person\"],\"contactTitle\":\"FOIA Officer\",\"mustBeWritten\":true},\"exemptions\":[\"Preliminary drafts/notes\",\"Personnel/medical privacy\",\"Law-enforcement safety\"],\"id\":\"state_ct_20250831_02\",\"lastUpdated\":\"2025-08-31T21:00:00Z\",\"createdAt\":\"2025-08-31T21:00:00Z\",\"updatedBy\":\"bulk_seed_batch_3\"}"'),
	('state:CO', '"{\"code\":\"CO\",\"name\":\"Colorado\",\"slug\":\"colorado\",\"transparencyLaw\":{\"name\":\"Open Records Act (CORA)\",\"statute\":\"C.R.S. 24-72-201 et seq.\",\"type\":\"CORA\",\"url\":\"https://law.justia.com/codes/colorado/2016/title-24/general-provisions/article-72/part-2/\"},\"requirements\":{\"responseDeadline\":\"3 working days\",\"extensionAllowed\":\"+7 days for extenuating circumstances\",\"fees\":{\"copies\":\"$0.25/page (std)\",\"researchTime\":\"Up to ~$33.58/hr\"},\"feeWaiver\":{\"available\":true,\"criteria\":[\"Public interest\"],\"threshold\":\"Varies\"}},\"submission\":{\"methods\":[\"email\",\"mail\",\"in-person\"],\"contactTitle\":\"Records Custodian\",\"mustBeWritten\":true},\"exemptions\":[\"Medical/personnel\",\"Investigations\",\"Trade secrets/library/student data\"],\"id\":\"state_co_20250831_02\",\"lastUpdated\":\"2025-08-31T21:00:00Z\",\"createdAt\":\"2025-08-31T21:00:00Z\",\"updatedBy\":\"bulk_seed_batch_3\"}"'),
	('state:HI', '"{\"code\":\"HI\",\"name\":\"Hawaii\",\"slug\":\"hawaii\",\"transparencyLaw\":{\"name\":\"Uniform Information Practices Act (UIPA)\",\"statute\":\"Haw. Rev. Stat. ch. 92F\",\"type\":\"UIPA\",\"url\":\"https://www.capitol.hawaii.gov/hrscurrent/Vol02_Ch0046-0115/HRS0092F/\"},\"requirements\":{\"responseDeadline\":\"Up to 10 working days\",\"extensionAllowed\":\"Additional 10 days if necessary\",\"fees\":{\"copies\":\"$0.25/page\",\"searchTime\":\"$2.50/15m search; $5/15m review (first $30 waived)\"},\"feeWaiver\":{\"available\":true,\"criteria\":[\"Public interest\",\"Indigency\"],\"threshold\":\"$25–$30\"}},\"submission\":{\"methods\":[\"email\",\"mail\",\"in-person\"],\"contactTitle\":\"Records Officer\",\"mustBeWritten\":true},\"exemptions\":[\"Privacy\",\"Judicial proceeding records\",\"Confidential working papers\"],\"id\":\"state_hi_20250831_01\",\"lastUpdated\":\"2025-08-31T20:30:00Z\",\"createdAt\":\"2025-08-31T20:30:00Z\",\"updatedBy\":\"bulk_seed_batch_2\"}"'),
	('state:ID', '"{\"code\":\"ID\",\"name\":\"Idaho\",\"slug\":\"idaho\",\"transparencyLaw\":{\"name\":\"Public Records Act\",\"statute\":\"Idaho Code § 74-101 et seq.\",\"type\":\"Public Records Act\",\"url\":\"https://legislature.idaho.gov/statutesrules/idstat/Title74/T74CH1/\"},\"requirements\":{\"responseDeadline\":\"3 working days\",\"extensionAllowed\":\"Reasonable time if voluminous\",\"fees\":{\"copies\":\"Actual cost\",\"laborTime\":\"$30/hr after first hour or >100 pages\"},\"feeWaiver\":{\"available\":true,\"criteria\":[\"Public interest\"],\"threshold\":\"Varies\"}},\"submission\":{\"methods\":[\"email\",\"mail\",\"in-person\"],\"contactTitle\":\"Records Custodian\",\"mustBeWritten\":true},\"exemptions\":[\"Court/confidentiality\",\"Law-enforcement investigations\",\"Personnel/medical\",\"Trade secrets\"],\"id\":\"state_id_20250831_01\",\"lastUpdated\":\"2025-08-31T20:30:00Z\",\"createdAt\":\"2025-08-31T20:30:00Z\",\"updatedBy\":\"bulk_seed_batch_2\"}"'),
	('state:KS', '"{\"code\":\"KS\",\"name\":\"Kansas\",\"slug\":\"kansas\",\"transparencyLaw\":{\"name\":\"Open Records Act (KORA)\",\"statute\":\"K.S.A. 45-215 et seq.\",\"type\":\"KORA\",\"url\":\"https://ag.ks.gov/open-government/kora-faq\"},\"requirements\":{\"responseDeadline\":\"3 business days\",\"extensionAllowed\":\"Reasonable time if voluminous\",\"fees\":{\"copies\":\"Actual cost\",\"searchTime\":\"Actual personnel/computer services (advance possible)\"},\"feeWaiver\":{\"available\":true,\"criteria\":[\"Public interest\"],\"threshold\":\"Varies\"}},\"submission\":{\"methods\":[\"email\",\"mail\",\"in-person\"],\"contactTitle\":\"Freedom of Information Officer\",\"mustBeWritten\":true},\"exemptions\":[\"Personnel\",\"Criminal investigations\",\"Attorney-client privilege\"],\"id\":\"state_ks_20250831_01\",\"lastUpdated\":\"2025-08-31T20:30:00Z\",\"createdAt\":\"2025-08-31T20:30:00Z\",\"updatedBy\":\"bulk_seed_batch_2\"}"'),
	('state:IN', '"{\"code\":\"IA\",\"name\":\"Iowa\",\"slug\":\"iowa\",\"transparencyLaw\":{\"name\":\"Open Records Law\",\"statute\":\"Iowa Code ch. 22\",\"type\":\"Open Records Law\",\"url\":\"https://www.legis.iowa.gov/docs/code/22.pdf\"},\"requirements\":{\"responseDeadline\":\"Promptly / generally within business hours\",\"extensionAllowed\":\"Reasonable time if voluminous\",\"fees\":{\"copies\":\"Actual cost\",\"searchTime\":\"Supervisory/admin cost per policy\"},\"feeWaiver\":{\"available\":true,\"criteria\":[\"Public interest\"],\"threshold\":\"Varies\"}},\"submission\":{\"methods\":[\"email\",\"mail\",\"in-person\"],\"contactTitle\":\"Records Custodian\",\"mustBeWritten\":false},\"exemptions\":[\"Personnel\",\"Criminal investigation\",\"Trade secrets\"],\"id\":\"state_ia_20250831_01\",\"lastUpdated\":\"2025-08-31T20:30:00Z\",\"createdAt\":\"2025-08-31T20:30:00Z\",\"updatedBy\":\"bulk_seed_batch_2\"}"'),
	('state:KY', '"{\"code\":\"KY\",\"name\":\"Kentucky\",\"slug\":\"kentucky\",\"transparencyLaw\":{\"name\":\"Open Records Act\",\"statute\":\"KRS 61.870 et seq.\",\"type\":\"Open Records Act\",\"url\":\"https://legislature.ky.gov/Statutes/chapter.aspx?id=38825\"},\"requirements\":{\"responseDeadline\":\"3 business days\",\"extensionAllowed\":\"Reasonable time if voluminous\",\"fees\":{\"copies\":\"Actual cost (noncommercial)\",\"searchTime\":\"Actual cost (commercial requests)\"},\"feeWaiver\":{\"available\":true,\"criteria\":[\"Public interest\",\"Indigency\"],\"threshold\":\"Varies\"}},\"submission\":{\"methods\":[\"email\",\"mail\",\"in-person\"],\"contactTitle\":\"Official Records Custodian\",\"mustBeWritten\":true},\"exemptions\":[\"Personnel\",\"Investigatory\",\"Attorney-client/working papers\"],\"id\":\"state_ky_20250831_01\",\"lastUpdated\":\"2025-08-31T20:30:00Z\",\"createdAt\":\"2025-08-31T20:30:00Z\",\"updatedBy\":\"bulk_seed_batch_2\"}"'),
	('state:LA', '"{\"code\":\"LA\",\"name\":\"Louisiana\",\"slug\":\"louisiana\",\"transparencyLaw\":{\"name\":\"Public Records Act\",\"statute\":\"La. R.S. 44:1 et seq.\",\"type\":\"Public Records Act\",\"url\":\"https://www.legis.la.gov/Legis/Law.aspx?p=y&d=78962\"},\"requirements\":{\"responseDeadline\":\"3 business days\",\"extensionAllowed\":\"Additional time if necessary\",\"fees\":{\"copies\":\"Reasonable duplication fee\",\"searchTime\":\"Limited\"},\"feeWaiver\":{\"available\":true,\"criteria\":[\"Public interest\"],\"threshold\":\"Varies\"}},\"submission\":{\"methods\":[\"email\",\"mail\",\"in-person\"],\"contactTitle\":\"Custodian of Public Records\",\"mustBeWritten\":true},\"exemptions\":[\"Pending criminal litigation\",\"Security procedures\",\"Trade secrets\",\"Some employee information\"],\"id\":\"state_la_20250831_01\",\"lastUpdated\":\"2025-08-31T20:30:00Z\",\"createdAt\":\"2025-08-31T20:30:00Z\",\"updatedBy\":\"bulk_seed_batch_2\"}"'),
	('state:IA', '"{\"code\":\"IA\",\"name\":\"Iowa\",\"slug\":\"iowa\",\"transparencyLaw\":{\"name\":\"Open Records Law\",\"statute\":\"Iowa Code ch. 22\",\"type\":\"Open Records Law\",\"url\":\"https://www.legis.iowa.gov/docs/code/22.pdf\"},\"requirements\":{\"responseDeadline\":\"Promptly / generally within business hours\",\"extensionAllowed\":\"Reasonable time if voluminous\",\"fees\":{\"copies\":\"Actual cost\",\"searchTime\":\"Supervisory/admin cost per policy\"},\"feeWaiver\":{\"available\":true,\"criteria\":[\"Public interest\"],\"threshold\":\"Varies\"}},\"submission\":{\"methods\":[\"email\",\"mail\",\"in-person\"],\"contactTitle\":\"Records Custodian\",\"mustBeWritten\":false},\"exemptions\":[\"Personnel\",\"Criminal investigation\",\"Trade secrets\"],\"id\":\"state_ia_20250831_01\",\"lastUpdated\":\"2025-08-31T20:30:00Z\",\"createdAt\":\"2025-08-31T20:30:00Z\",\"updatedBy\":\"bulk_seed_batch_2\"}"'),
	('state:GA', '"{\"code\":\"GA\",\"name\":\"Georgia\",\"slug\":\"georgia\",\"transparencyLaw\":{\"name\":\"Open Records Act\",\"statute\":\"O.C.G.A. § 50-18-70 et seq.\",\"type\":\"Open Records Act\",\"url\":\"https://law.justia.com/codes/georgia/title-50/chapter-18/article-4/\"},\"requirements\":{\"responseDeadline\":\"3 business days\",\"extensionAllowed\":\"Reasonable time if voluminous\",\"fees\":{\"copies\":\"$0.25 per page\",\"searchTime\":\"Actual cost; most economical means\"},\"feeWaiver\":{\"available\":false,\"criteria\":[\"None\"],\"threshold\":\"None\"}},\"submission\":{\"methods\":[\"email\",\"mail\",\"in-person\"],\"contactTitle\":\"Open Records Officer\",\"mustBeWritten\":true},\"exemptions\":[\"Investigations\",\"Certain real estate\",\"Attorney-client privilege\"],\"id\":\"state_ga_20250831_01\",\"lastUpdated\":\"2025-08-31T20:30:00Z\",\"createdAt\":\"2025-08-31T20:30:00Z\",\"updatedBy\":\"bulk_seed_batch_2\"}"'),
	('state:MD', '"{\"code\":\"ME\",\"name\":\"Maine\",\"slug\":\"maine\",\"transparencyLaw\":{\"name\":\"Freedom of Access Act (FOAA)\",\"statute\":\"1 M.R.S.A. ch. 13\",\"type\":\"FOAA\",\"url\":\"https://legislature.maine.gov/statutes/1/title1ch13sec0.html\"},\"requirements\":{\"responseDeadline\":\"5 working days (denials)\",\"extensionAllowed\":\"Additional 5 days if necessary\",\"fees\":{\"copies\":\"$0.25/page\",\"searchTime\":\"$15/hour after first hour\"},\"feeWaiver\":{\"available\":true,\"criteria\":[\"Public interest\",\"Indigency\"],\"threshold\":\"$30\"}},\"submission\":{\"methods\":[\"email\",\"mail\",\"in-person\"],\"contactTitle\":\"Public Access Officer\",\"mustBeWritten\":true},\"exemptions\":[\"Certain LE investigation docs\",\"Legislature records\",\"University admin committees\"],\"id\":\"state_me_20250831_01\",\"lastUpdated\":\"2025-08-31T20:30:00Z\",\"createdAt\":\"2025-08-31T20:30:00Z\",\"updatedBy\":\"bulk_seed_batch_2\"}"'),
	('state:ME', '"{\"code\":\"ME\",\"name\":\"Maine\",\"slug\":\"maine\",\"transparencyLaw\":{\"name\":\"Freedom of Access Act (FOAA)\",\"statute\":\"1 M.R.S.A. ch. 13\",\"type\":\"FOAA\",\"url\":\"https://legislature.maine.gov/statutes/1/title1ch13sec0.html\"},\"requirements\":{\"responseDeadline\":\"5 working days (denials)\",\"extensionAllowed\":\"Additional 5 days if necessary\",\"fees\":{\"copies\":\"$0.25/page\",\"searchTime\":\"$15/hour after first hour\"},\"feeWaiver\":{\"available\":true,\"criteria\":[\"Public interest\",\"Indigency\"],\"threshold\":\"$30\"}},\"submission\":{\"methods\":[\"email\",\"mail\",\"in-person\"],\"contactTitle\":\"Public Access Officer\",\"mustBeWritten\":true},\"exemptions\":[\"Certain LE investigation docs\",\"Legislature records\",\"University admin committees\"],\"id\":\"state_me_20250831_01\",\"lastUpdated\":\"2025-08-31T20:30:00Z\",\"createdAt\":\"2025-08-31T20:30:00Z\",\"updatedBy\":\"bulk_seed_batch_2\"}"'),
	('state:MI', '"{\"code\":\"MI\",\"name\":\"Michigan\",\"slug\":\"michigan\",\"transparencyLaw\":{\"name\":\"Freedom of Information Act\",\"statute\":\"MCL 15.231 et seq.\",\"type\":\"FOIA\",\"url\":\"http://www.legislature.mi.gov/mileg.aspx?page=getObject&objectName=mcl-15-231\"},\"requirements\":{\"responseDeadline\":\"5 business days\",\"extensionAllowed\":\"+10 days if necessary\",\"fees\":{\"copies\":\"$0.10/page (typical)\",\"laborTime\":\"Lowest-paid capable employee\"},\"feeWaiver\":{\"available\":true,\"criteria\":[\"Indigency\",\"Public interest\"],\"threshold\":\"Agency rules\"}},\"submission\":{\"methods\":[\"email\",\"mail\",\"in-person\"],\"contactTitle\":\"FOIA Coordinator\",\"mustBeWritten\":true},\"exemptions\":[\"Private info\",\"Advisory communications\",\"Attorney-client\",\"Law-enforcement records\"],\"id\":\"state_mi_20250831_02\",\"lastUpdated\":\"2025-08-31T21:00:00Z\",\"createdAt\":\"2025-08-31T21:00:00Z\",\"updatedBy\":\"bulk_seed_batch_3\"}"'),
	('state:MN', '"{\"code\":\"MN\",\"name\":\"Minnesota\",\"slug\":\"minnesota\",\"transparencyLaw\":{\"name\":\"Government Data Practices Act (MGDPA)\",\"statute\":\"Minn. Stat. ch. 13\",\"type\":\"Data Practices Act\",\"url\":\"https://www.revisor.mn.gov/statutes/cite/13\"},\"requirements\":{\"responseDeadline\":\"Immediately or reasonable time\",\"extensionAllowed\":\"Reasonable time if voluminous\",\"fees\":{\"copies\":\"Actual cost\",\"preparationTime\":\"Labor may be charged in some cases\"},\"feeWaiver\":{\"available\":true,\"criteria\":[\"Indigency\"],\"threshold\":\"Varies\"}},\"submission\":{\"methods\":[\"email\",\"mail\",\"in-person\"],\"contactTitle\":\"Responsible Authority\",\"mustBeWritten\":false},\"exemptions\":[\"Juvenile court\",\"Personnel data\",\"Trade secrets\"],\"id\":\"state_mn_20250831_02\",\"lastUpdated\":\"2025-08-31T21:00:00Z\",\"createdAt\":\"2025-08-31T21:00:00Z\",\"updatedBy\":\"bulk_seed_batch_3\"}"'),
	('state:MO', '"{\"code\":\"MO\",\"name\":\"Missouri\",\"slug\":\"missouri\",\"transparencyLaw\":{\"name\":\"Sunshine Law\",\"statute\":\"Mo. Rev. Stat. § 610.010 et seq.\",\"type\":\"Sunshine Law\",\"url\":\"https://revisor.mo.gov/main/OneChapter.aspx?chapter=610\"},\"requirements\":{\"responseDeadline\":\"3 business days\",\"extensionAllowed\":\"Reasonable time if voluminous\",\"fees\":{\"copies\":\"Actual cost; typical per-page caps\",\"researchTime\":\"Actual labor cost\"},\"feeWaiver\":{\"available\":true,\"criteria\":[\"Public interest\"],\"threshold\":\"Varies\"}},\"submission\":{\"methods\":[\"email\",\"mail\",\"in-person\"],\"contactTitle\":\"Custodian of Records\",\"mustBeWritten\":true},\"exemptions\":[\"Personnel\",\"LE techniques/active cases\",\"Trade secrets/medical/scholastic\"],\"id\":\"state_mo_20250831_02\",\"lastUpdated\":\"2025-08-31T21:00:00Z\",\"createdAt\":\"2025-08-31T21:00:00Z\",\"updatedBy\":\"bulk_seed_batch_3\"}"'),
	('state:MS', '"{\"code\":\"MS\",\"name\":\"Mississippi\",\"slug\":\"mississippi\",\"transparencyLaw\":{\"name\":\"Public Records Act\",\"statute\":\"Miss. Code Ann. § 25-61-1 et seq.\",\"type\":\"Public Records Act\",\"url\":\"https://law.justia.com/codes/mississippi/2019/title-25/chapter-61/\"},\"requirements\":{\"responseDeadline\":\"7 working days\",\"extensionAllowed\":\"+7 if necessary\",\"fees\":{\"copies\":\"Reasonable/actual cost\",\"searchTime\":\"Actual cost\"},\"feeWaiver\":{\"available\":false,\"criteria\":[\"None\"],\"threshold\":\"None\"}},\"submission\":{\"methods\":[\"email\",\"mail\",\"in-person\"],\"contactTitle\":\"Public Records Officer\",\"mustBeWritten\":true},\"exemptions\":[\"Personnel\",\"Exam/tax data\",\"Attorney work product\"],\"id\":\"state_ms_20250831_02\",\"lastUpdated\":\"2025-08-31T21:00:00Z\",\"createdAt\":\"2025-08-31T21:00:00Z\",\"updatedBy\":\"bulk_seed_batch_3\"}"'),
	('state:MA', '"{\"code\":\"ME\",\"name\":\"Maine\",\"slug\":\"maine\",\"transparencyLaw\":{\"name\":\"Freedom of Access Act (FOAA)\",\"statute\":\"1 M.R.S.A. ch. 13\",\"type\":\"FOAA\",\"url\":\"https://legislature.maine.gov/statutes/1/title1ch13sec0.html\"},\"requirements\":{\"responseDeadline\":\"5 working days (denials)\",\"extensionAllowed\":\"Additional 5 days if necessary\",\"fees\":{\"copies\":\"$0.25/page\",\"searchTime\":\"$15/hour after first hour\"},\"feeWaiver\":{\"available\":true,\"criteria\":[\"Public interest\",\"Indigency\"],\"threshold\":\"$30\"}},\"submission\":{\"methods\":[\"email\",\"mail\",\"in-person\"],\"contactTitle\":\"Public Access Officer\",\"mustBeWritten\":true},\"exemptions\":[\"Certain LE investigation docs\",\"Legislature records\",\"University admin committees\"],\"id\":\"state_me_20250831_01\",\"lastUpdated\":\"2025-08-31T20:30:00Z\",\"createdAt\":\"2025-08-31T20:30:00Z\",\"updatedBy\":\"bulk_seed_batch_2\"}"'),
	('state:AL', '"{\"code\":\"AL\",\"name\":\"Alabama\",\"slug\":\"alabama\",\"transparencyLaw\":{\"name\":\"Public Records Law\",\"statute\":\"Ala. Code § 36-25A-1 et seq.\",\"type\":\"Public Records Law\",\"url\":\"https://law.justia.com/codes/alabama/title-36/chapter-25a/\"},\"requirements\":{\"responseDeadline\":\"No fixed timeframe\",\"extensionAllowed\":\"N/A\",\"fees\":{\"copies\":\"Nominal/agency-set\",\"searchFees\":\"Only if substantial employee time\"},\"feeWaiver\":{\"available\":false,\"criteria\":[\"None specified\"],\"threshold\":\"None\"}},\"submission\":{\"methods\":[\"email\",\"mail\",\"in-person\"],\"contactTitle\":\"Records Custodian\",\"mustBeWritten\":true},\"exemptions\":[\"Privacy/medical\",\"Juvenile/probation\",\"Tax/financial\",\"Law-enforcement interests\"],\"id\":\"state_al_20250831_02\",\"lastUpdated\":\"2025-08-31T21:00:00Z\",\"createdAt\":\"2025-08-31T21:00:00Z\",\"updatedBy\":\"bulk_seed_batch_3\"}"'),
	('state_slug:montana', '"MT"'),
	('state_slug:nebraska', '"NE"'),
	('state_slug:nevada', '"NV"'),
	('state_slug:new-hampshire', '"NH"'),
	('state_slug:new-jersey', '"NJ"'),
	('state_slug:new-mexico', '"NM"'),
	('state_slug:north-carolina', '"NC"'),
	('state_slug:north-dakota', '"ND"'),
	('state:MT', '"{\"code\":\"MT\",\"name\":\"Montana\",\"slug\":\"montana\",\"transparencyLaw\":{\"name\":\"Public Records Act\",\"statute\":\"Mont. Code Ann. § 2-6-101 et seq.\",\"type\":\"Public Records Act\",\"url\":\"https://leg.mt.gov/bills/mca/title_0020/chapter_0060/part_0010/sections_index.html\"},\"requirements\":{\"responseDeadline\":\"No fixed limit\",\"extensionAllowed\":\"Prompt, policy varies\",\"fees\":{\"copies\":\"$0.10/page typical\",\"searchTime\":\"After free time, hourly charge (policy)\"},\"feeWaiver\":{\"available\":true,\"criteria\":[\"Public interest\",\"Indigency\"],\"threshold\":\"$50\"}},\"submission\":{\"methods\":[\"email\",\"mail\",\"in-person\"],\"contactTitle\":\"Records Officer\",\"mustBeWritten\":true},\"exemptions\":[\"Privacy balancing\",\"Certain investigation materials\"],\"id\":\"state_mt_20250831_02\",\"lastUpdated\":\"2025-08-31T21:00:00Z\",\"createdAt\":\"2025-08-31T21:00:00Z\",\"updatedBy\":\"bulk_seed_batch_3\"}"'),
	('state:NE', '"{\"code\":\"NE\",\"name\":\"Nebraska\",\"slug\":\"nebraska\",\"transparencyLaw\":{\"name\":\"Public Records Statutes\",\"statute\":\"Neb. Rev. Stat. § 84-712 et seq.\",\"type\":\"Public Records Statutes\",\"url\":\"https://nebraskalegislature.gov/laws/statutes.php?statute=84-712\"},\"requirements\":{\"responseDeadline\":\"4 business days\",\"extensionAllowed\":\"Reasonable time if voluminous\",\"fees\":{\"copies\":\"Actual cost\",\"searchTime\":\"No fee for first 4 hrs; then special service\"},\"feeWaiver\":{\"available\":true,\"criteria\":[\"Public interest\"],\"threshold\":\"Varies\"}},\"submission\":{\"methods\":[\"email\",\"mail\",\"in-person\"],\"contactTitle\":\"Custodian\",\"mustBeWritten\":false},\"exemptions\":[\"Personnel/medical\",\"Law-enforcement/investigative\",\"Trade secrets\"],\"id\":\"state_ne_20250831_02\",\"lastUpdated\":\"2025-08-31T21:00:00Z\",\"createdAt\":\"2025-08-31T21:00:00Z\",\"updatedBy\":\"bulk_seed_batch_3\"}"'),
	('state:NV', '"{\"code\":\"NV\",\"name\":\"Nevada\",\"slug\":\"nevada\",\"transparencyLaw\":{\"name\":\"Public Records Act\",\"statute\":\"NRS 239.001 et seq.\",\"type\":\"Public Records Act\",\"url\":\"https://www.leg.state.nv.us/nrs/nrs-239.html\"},\"requirements\":{\"responseDeadline\":\"5 business days\",\"extensionAllowed\":\"As necessary\",\"fees\":{\"copies\":\"≤ $0.25/page cap\",\"searchTime\":\"Actual costs; prepayment allowed\"},\"feeWaiver\":{\"available\":true,\"criteria\":[\"Public interest\"],\"threshold\":\"Varies\"}},\"submission\":{\"methods\":[\"email\",\"mail\",\"in-person\"],\"contactTitle\":\"Custodian of Records\",\"mustBeWritten\":true},\"exemptions\":[\"Numerous exemptions incl. privacy\",\"Law-enforcement\",\"Commercial\"],\"id\":\"state_nv_20250831_02\",\"lastUpdated\":\"2025-08-31T21:00:00Z\",\"createdAt\":\"2025-08-31T21:00:00Z\",\"updatedBy\":\"bulk_seed_batch_3\"}"'),
	('state:NH', '"{\"code\":\"NH\",\"name\":\"New Hampshire\",\"slug\":\"new-hampshire\",\"transparencyLaw\":{\"name\":\"Right-to-Know Law\",\"statute\":\"RSA 91-A\",\"type\":\"Right-to-Know Law\",\"url\":\"http://www.gencourt.state.nh.us/rsa/html/vi/91-a/91-a-mrg.htm\"},\"requirements\":{\"responseDeadline\":\"5 business days\",\"extensionAllowed\":\"Reasonable time if voluminous\",\"fees\":{\"copies\":\"Reproduction costs only\",\"searchTime\":\"Generally not charged\"},\"feeWaiver\":{\"available\":true,\"criteria\":[\"Public interest\"],\"threshold\":\"Varies\"}},\"submission\":{\"methods\":[\"email\",\"mail\",\"in-person\"],\"contactTitle\":\"Records Keeper\",\"mustBeWritten\":false},\"exemptions\":[\"Investigative files\",\"Parole/pardon\",\"Student/financial info\"],\"id\":\"state_nh_20250831_02\",\"lastUpdated\":\"2025-08-31T21:00:00Z\",\"createdAt\":\"2025-08-31T21:00:00Z\",\"updatedBy\":\"bulk_seed_batch_3\"}"'),
	('state:NJ', '"{\"code\":\"NJ\",\"name\":\"New Jersey\",\"slug\":\"new-jersey\",\"transparencyLaw\":{\"name\":\"Open Public Records Act (OPRA)\",\"statute\":\"N.J.S.A. 47:1A-1 et seq.\",\"type\":\"OPRA\",\"url\":\"https://lis.njleg.state.nj.us/\"},\"requirements\":{\"responseDeadline\":\"7 business days\",\"extensionAllowed\":\"+ time if necessary\",\"fees\":{\"copies\":\"$0.75 first 10pp; $0.50 next 10; $0.25 thereafter (paper)\",\"specialService\":\"Actual cost for special service/electronic media\"},\"feeWaiver\":{\"available\":true,\"criteria\":[\"Public interest\"],\"threshold\":\"Varies\"}},\"submission\":{\"methods\":[\"email\",\"mail\",\"in-person\",\"online portal\"],\"contactTitle\":\"Custodian of Records\",\"mustBeWritten\":true},\"exemptions\":[\"Legislature/Governor working papers\",\"Criminal investigatory\",\"Trade secrets\"],\"id\":\"state_nj_20250831_02\",\"lastUpdated\":\"2025-08-31T21:00:00Z\",\"createdAt\":\"2025-08-31T21:00:00Z\",\"updatedBy\":\"bulk_seed_batch_3\"}"'),
	('state:NM', '"{\"code\":\"NM\",\"name\":\"New Mexico\",\"slug\":\"new-mexico\",\"transparencyLaw\":{\"name\":\"Inspection of Public Records Act (IPRA)\",\"statute\":\"NMSA 1978 § 14-2-1 et seq.\",\"type\":\"IPRA\",\"url\":\"https://nmonesource.com/nmos/nmsa/en/item/4359/index.do\"},\"requirements\":{\"responseDeadline\":\"3 business days\",\"extensionAllowed\":\"Reasonable time if voluminous\",\"fees\":{\"copies\":\"Actual copy cost\",\"searchTime\":\"No search fees\"},\"feeWaiver\":{\"available\":true,\"criteria\":[\"Public interest\"],\"threshold\":\"Varies\"}},\"submission\":{\"methods\":[\"email\",\"mail\",\"in-person\"],\"contactTitle\":\"Custodian\",\"mustBeWritten\":true},\"exemptions\":[\"Personnel opinions\",\"LE confidential sources/methods\",\"Student finalists timing rules\"],\"id\":\"state_nm_20250831_02\",\"lastUpdated\":\"2025-08-31T21:00:00Z\",\"createdAt\":\"2025-08-31T21:00:00Z\",\"updatedBy\":\"bulk_seed_batch_3\"}"'),
	('state:NC', '"{\"code\":\"NC\",\"name\":\"North Carolina\",\"slug\":\"north-carolina\",\"transparencyLaw\":{\"name\":\"Public Records Law\",\"statute\":\"N.C.G.S. ch. 132\",\"type\":\"Public Records Law\",\"url\":\"https://www.ncleg.gov/Laws/GeneralStatutesTOC/Chapter132\"},\"requirements\":{\"responseDeadline\":\"Reasonable time\",\"extensionAllowed\":\"As promptly as possible\",\"fees\":{\"copies\":\"Actual copy cost\",\"searchTime\":\"Additional fees only for extensive labor\"},\"feeWaiver\":{\"available\":true,\"criteria\":[\"Indigency\"],\"threshold\":\"Varies\"}},\"submission\":{\"methods\":[\"email\",\"mail\",\"in-person\"],\"contactTitle\":\"Custodian\",\"mustBeWritten\":false},\"exemptions\":[\"Confidential legal comms\",\"Criminal investigations\",\"Intelligence information\"],\"id\":\"state_nc_20250831_02\",\"lastUpdated\":\"2025-08-31T21:00:00Z\",\"createdAt\":\"2025-08-31T21:00:00Z\",\"updatedBy\":\"bulk_seed_batch_3\"}"'),
	('state:ND', '"{\"code\":\"ND\",\"name\":\"North Dakota\",\"slug\":\"north-dakota\",\"transparencyLaw\":{\"name\":\"Open Records Statute\",\"statute\":\"N.D.C.C. § 44-04-18 et seq.\",\"type\":\"Open Records Statute\",\"url\":\"https://www.legis.nd.gov/cencode/t44c04.pdf\"},\"requirements\":{\"responseDeadline\":\"Reasonable time\",\"extensionAllowed\":\"AG opinion process available\",\"fees\":{\"copies\":\"Actual cost\",\"searchTime\":\"Estimate & prepayment allowed\"},\"feeWaiver\":{\"available\":true,\"criteria\":[\"Public interest\"],\"threshold\":\"Varies\"}},\"submission\":{\"methods\":[\"email\",\"mail\",\"in-person\"],\"contactTitle\":\"Records Officer\",\"mustBeWritten\":false},\"exemptions\":[\"Juvenile/medical\",\"Trade secrets\",\"LE investigation records\"],\"id\":\"state_nd_20250831_02\",\"lastUpdated\":\"2025-08-31T21:00:00Z\",\"createdAt\":\"2025-08-31T21:00:00Z\",\"updatedBy\":\"bulk_seed_batch_3\"}"'),
	('state_slug:ohio', '"OH"'),
	('state_slug:oklahoma', '"OK"'),
	('state_slug:oregon', '"OR"'),
	('state_slug:pennsylvania', '"PA"'),
	('state_slug"rhode-island', '"RI"'),
	('state_slug"south-carolina', '"SC"'),
	('state_slug:tennessee', '"TN"'),
	('state_slug:utah', '"UT"'),
	('state_slug:virgina', '"VA"'),
	('state_slug:vermont', '"VT"'),
	('state_slug:washington', '"WA"'),
	('state_slug:wisconsin', '"WI"'),
	('state_slug:wyoming', '"WY"'),
	('state:OH', '"{\"code\":\"OH\",\"name\":\"Ohio\",\"slug\":\"ohio\",\"transparencyLaw\":{\"name\":\"Public Records Act\",\"statute\":\"Ohio Rev. Code § 149.43\",\"type\":\"Public Records Act\",\"url\":\"https://codes.ohio.gov/ohio-revised-code/section-149.43\"},\"requirements\":{\"responseDeadline\":\"Reasonable time\",\"extensionAllowed\":\"Reasonable time if voluminous\",\"fees\":{\"copies\":\"Actual material cost\",\"searchTime\":\"Not allowed\"},\"feeWaiver\":{\"available\":false,\"criteria\":[\"None\"],\"threshold\":\"None\"}},\"submission\":{\"methods\":[\"email\",\"mail\",\"in-person\"],\"contactTitle\":\"Records Custodian\",\"mustBeWritten\":false},\"exemptions\":[\"Medical/adoption\",\"Parole/probation\",\"Certain LE investigations\"],\"id\":\"state_oh_20250831_03\",\"lastUpdated\":\"2025-08-31T21:30:00Z\",\"createdAt\":\"2025-08-31T21:30:00Z\",\"updatedBy\":\"bulk_seed_final\"}"'),
	('state:OK', '"{\"code\":\"OK\",\"name\":\"Oklahoma\",\"slug\":\"oklahoma\",\"transparencyLaw\":{\"name\":\"Open Records Act\",\"statute\":\"51 O.S. § 24A.1 et seq.\",\"type\":\"Open Records Act\",\"url\":\"http://www.oklegislature.gov/osstatuestitle.html\"},\"requirements\":{\"responseDeadline\":\"Prompt/Reasonable time\",\"extensionAllowed\":\"Varies by request\",\"fees\":{\"copies\":\"$0.25/page (std)\",\"searchTime\":\"Allowed for burdensome/commercial requests\"},\"feeWaiver\":{\"available\":true,\"criteria\":[\"Public interest\"],\"threshold\":\"Varies\"}},\"submission\":{\"methods\":[\"email\",\"mail\",\"in-person\"],\"contactTitle\":\"Custodian\",\"mustBeWritten\":true},\"exemptions\":[\"Evidentiary privilege\",\"Personnel\",\"Bids/programs/student records\"],\"id\":\"state_ok_20250831_03\",\"lastUpdated\":\"2025-08-31T21:30:00Z\",\"createdAt\":\"2025-08-31T21:30:00Z\",\"updatedBy\":\"bulk_seed_final\"}"'),
	('state:OR', '"{\"code\":\"OR\",\"name\":\"Oregon\",\"slug\":\"oregon\",\"transparencyLaw\":{\"name\":\"Public Records Law\",\"statute\":\"ORS 192.311–.431\",\"type\":\"Public Records Law\",\"url\":\"https://www.oregonlegislature.gov/bills_laws/ors/ors192.html\"},\"requirements\":{\"responseDeadline\":\"Reasonable time\",\"extensionAllowed\":\"Estimate required if fees > $25\",\"fees\":{\"copies\":\"Actual cost\",\"searchTime\":\"Actual cost; estimate if > $25\"},\"feeWaiver\":{\"available\":true,\"criteria\":[\"Public interest\"],\"threshold\":\"Agency rules\"}},\"submission\":{\"methods\":[\"email\",\"mail\",\"in-person\"],\"contactTitle\":\"Custodian\",\"mustBeWritten\":false},\"exemptions\":[\"Health treatment (<75 yrs)\",\"Litigation/trade secrets\",\"Criminal investigation materials\"],\"id\":\"state_or_20250831_03\",\"lastUpdated\":\"2025-08-31T21:30:00Z\",\"createdAt\":\"2025-08-31T21:30:00Z\",\"updatedBy\":\"bulk_seed_final\"}"'),
	('state:PA', '"{\"code\":\"PA\",\"name\":\"Pennsylvania\",\"slug\":\"pennsylvania\",\"transparencyLaw\":{\"name\":\"Right-to-Know Law (RTKL)\",\"statute\":\"65 P.S. § 67.101 et seq.\",\"type\":\"RTKL\",\"url\":\"https://www.legis.state.pa.us/cfdocs/legis/LI/consCheck.cfm?txtType=HTM&ttl=65&div=0&chpt=67\"},\"requirements\":{\"responseDeadline\":\"5 business days\",\"extensionAllowed\":\"Up to 30 days\",\"fees\":{\"copies\":\"$0.25/page\",\"searchTime\":\"No search fee; special handling at actual cost\"},\"feeWaiver\":{\"available\":true,\"criteria\":[\"Indigency\"],\"threshold\":\"Varies\"}},\"submission\":{\"methods\":[\"email\",\"mail\",\"in-person\",\"online portal\"],\"contactTitle\":\"Open Records Officer\",\"mustBeWritten\":true},\"exemptions\":[\"Personnel privacy\",\"Trade secrets\",\"Security/LE sensitive\"],\"id\":\"state_pa_20250831_03\",\"lastUpdated\":\"2025-08-31T21:30:00Z\",\"createdAt\":\"2025-08-31T21:30:00Z\",\"updatedBy\":\"bulk_seed_final\"}"'),
	('state:RI', '"{\"code\":\"RI\",\"name\":\"Rhode Island\",\"slug\":\"rhode-island\",\"transparencyLaw\":{\"name\":\"Access to Public Records Act (APRA)\",\"statute\":\"R.I. Gen. Laws § 38-2\",\"type\":\"APRA\",\"url\":\"http://webserver.rilin.state.ri.us/Statutes/TITLE38/38-2/INDEX.HTM\"},\"requirements\":{\"responseDeadline\":\"10 business days\",\"extensionAllowed\":\"+20 if necessary\",\"fees\":{\"copies\":\"$0.15/page\",\"searchTime\":\"$15/hour after first hour; estimate required\"},\"feeWaiver\":{\"available\":true,\"criteria\":[\"Public interest\",\"Indigency\"],\"threshold\":\"$25\"}},\"submission\":{\"methods\":[\"email\",\"mail\",\"in-person\"],\"contactTitle\":\"Records Custodian\",\"mustBeWritten\":true},\"exemptions\":[\"Privacy\",\"LE techniques/investigations\",\"Trade secrets/negotiations\"],\"id\":\"state_ri_20250831_03\",\"lastUpdated\":\"2025-08-31T21:30:00Z\",\"createdAt\":\"2025-08-31T21:30:00Z\",\"updatedBy\":\"bulk_seed_final\"}"'),
	('state:SC', '"{\"code\":\"SC\",\"name\":\"South Carolina\",\"slug\":\"south-carolina\",\"transparencyLaw\":{\"name\":\"Freedom of Information Act\",\"statute\":\"S.C. Code Ann. § 30-4-10 et seq.\",\"type\":\"FOIA\",\"url\":\"https://www.scstatehouse.gov/code/t30c004.php\"},\"requirements\":{\"responseDeadline\":\"15 business days\",\"extensionAllowed\":\"+15 if necessary\",\"fees\":{\"copies\":\"Actual cost\",\"searchTime\":\"Actual cost; fee schedules\"},\"feeWaiver\":{\"available\":true,\"criteria\":[\"Indigency\"],\"threshold\":\"Varies\"}},\"submission\":{\"methods\":[\"email\",\"mail\",\"in-person\"],\"contactTitle\":\"FOIA Officer\",\"mustBeWritten\":true},\"exemptions\":[\"Pending investigations\",\"Attorney communications\",\"Certain financial/banking\"],\"id\":\"state_sc_20250831_03\",\"lastUpdated\":\"2025-08-31T21:30:00Z\",\"createdAt\":\"2025-08-31T21:30:00Z\",\"updatedBy\":\"bulk_seed_final\"}"'),
	('state:SD', '"{\"code\":\"SD\",\"name\":\"South Dakota\",\"slug\":\"south-dakota\",\"transparencyLaw\":{\"name\":\"Open Records Law\",\"statute\":\"SDCL ch. 1-27\",\"type\":\"Open Records Law\",\"url\":\"https://sdlegislature.gov/Statutes/Codified_Laws/2049935\"},\"requirements\":{\"responseDeadline\":\"Reasonable time\",\"extensionAllowed\":\"Not specified\",\"fees\":{\"copies\":\"Actual cost\",\"searchTime\":\"Employee labor after first hour\"},\"feeWaiver\":{\"available\":true,\"criteria\":[\"Public interest\"],\"threshold\":\"Varies\"}},\"submission\":{\"methods\":[\"email\",\"mail\",\"in-person\"],\"contactTitle\":\"Custodian\",\"mustBeWritten\":false},\"exemptions\":[\"Savings & loan reports\",\"Juvenile/adoption\",\"Hospital licensing/medical research\"],\"id\":\"state_sd_20250831_03\",\"lastUpdated\":\"2025-08-31T21:30:00Z\",\"createdAt\":\"2025-08-31T21:30:00Z\",\"updatedBy\":\"bulk_seed_final\"}"'),
	('state:TN', '"{\"code\":\"TN\",\"name\":\"Tennessee\",\"slug\":\"tennessee\",\"transparencyLaw\":{\"name\":\"Public Records Act\",\"statute\":\"Tenn. Code Ann. § 10-7-503 et seq.\",\"type\":\"Public Records Act\",\"url\":\"https://www.tn.gov/content/dam/tn/attorney-general/documents/oro/oro-manual.pdf\"},\"requirements\":{\"responseDeadline\":\"7 business days\",\"extensionAllowed\":\"Additional time if necessary\",\"fees\":{\"copies\":\"$0.15 B/W; $0.50 color per page\",\"laborTime\":\"After first hour at hourly wage\"},\"feeWaiver\":{\"available\":true,\"criteria\":[\"Public interest\"],\"threshold\":\"Varies\"}},\"submission\":{\"methods\":[\"email\",\"mail\",\"in-person\"],\"contactTitle\":\"Public Records Request Coordinator\",\"mustBeWritten\":true},\"exemptions\":[\"Medical records\",\"Some investigations\",\"Student records\"],\"id\":\"state_tn_20250831_03\",\"lastUpdated\":\"2025-08-31T21:30:00Z\",\"createdAt\":\"2025-08-31T21:30:00Z\",\"updatedBy\":\"bulk_seed_final\"}"'),
	('state:UT', '"{\"code\":\"UT\",\"name\":\"Utah\",\"slug\":\"utah\",\"transparencyLaw\":{\"name\":\"Government Records Access and Management Act (GRAMA)\",\"statute\":\"Utah Code § 63G-2-101 et seq.\",\"type\":\"GRAMA\",\"url\":\"https://le.utah.gov/xcode/Title63G/Chapter2/63G-2.html\"},\"requirements\":{\"responseDeadline\":\"10 business days\",\"extensionAllowed\":\"Expedited 5 days in some cases\",\"fees\":{\"copies\":\"Reasonable actual cost\",\"searchTime\":\"Search/retrieval/formatting may be charged\"},\"feeWaiver\":{\"available\":true,\"criteria\":[\"Public interest\",\"Indigency\"],\"threshold\":\"$50\"}},\"submission\":{\"methods\":[\"email\",\"mail\",\"in-person\"],\"contactTitle\":\"Records Officer\",\"mustBeWritten\":true},\"exemptions\":[\"Private/controlled records\",\"Security-sensitive\",\"Financial competition/instability\"],\"id\":\"state_ut_20250831_03\",\"lastUpdated\":\"2025-08-31T21:30:00Z\",\"createdAt\":\"2025-08-31T21:30:00Z\",\"updatedBy\":\"bulk_seed_final\"}"'),
	('state:VA', '"{\"code\":\"VA\",\"name\":\"Virginia\",\"slug\":\"virginia\",\"transparencyLaw\":{\"name\":\"Freedom of Information Act\",\"statute\":\"Va. Code § 2.2-3700 et seq.\",\"type\":\"FOIA\",\"url\":\"https://law.lis.virginia.gov/vacodefull/title2.2/chapter37/\"},\"requirements\":{\"responseDeadline\":\"5 business days\",\"extensionAllowed\":\"+7 if necessary\",\"fees\":{\"copies\":\"Actual cost of access/search/duplication\",\"searchTime\":\"Actual cost; itemized\"},\"feeWaiver\":{\"available\":true,\"criteria\":[\"Public interest\"],\"threshold\":\"Varies\"}},\"submission\":{\"methods\":[\"email\",\"mail\",\"in-person\"],\"contactTitle\":\"FOIA Officer\",\"mustBeWritten\":true},\"exemptions\":[\"Personnel/medical/tax\",\"Attorney-client\",\"Working papers/real estate\"],\"id\":\"state_va_20250831_03\",\"lastUpdated\":\"2025-08-31T21:30:00Z\",\"createdAt\":\"2025-08-31T21:30:00Z\",\"updatedBy\":\"bulk_seed_final\"}"'),
	('state:VT', '"{\"code\":\"VT\",\"name\":\"Vermont\",\"slug\":\"vermont\",\"transparencyLaw\":{\"name\":\"Public Records Act\",\"statute\":\"1 V.S.A. ch. 5\",\"type\":\"Public Records Act\",\"url\":\"https://legislature.vermont.gov/statutes/chapter/01/005\"},\"requirements\":{\"responseDeadline\":\"2 business days (denial standard); prompt access\",\"extensionAllowed\":\"Reasonable\",\"fees\":{\"copies\":\"Actual copy cost\",\"searchTime\":\"Search after 30 minutes chargeable\"},\"feeWaiver\":{\"available\":true,\"criteria\":[\"Public interest\",\"Indigency\"],\"threshold\":\"$25\"}},\"submission\":{\"methods\":[\"email\",\"mail\",\"in-person\"],\"contactTitle\":\"Custodian\",\"mustBeWritten\":true},\"exemptions\":[\"Personnel\",\"Criminal investigation\",\"Tax/archaeological sites\"],\"id\":\"state_vt_20250831_03\",\"lastUpdated\":\"2025-08-31T21:30:00Z\",\"createdAt\":\"2025-08-31T21:30:00Z\",\"updatedBy\":\"bulk_seed_final\"}"'),
	('state:WA', '"{\"code\":\"WA\",\"name\":\"Washington\",\"slug\":\"washington\",\"transparencyLaw\":{\"name\":\"Public Records Act\",\"statute\":\"RCW 42.56\",\"type\":\"PRA\",\"url\":\"https://app.leg.wa.gov/RCW/default.aspx?cite=42.56\"},\"requirements\":{\"responseDeadline\":\"5 business days (acknowledge/estimate)\",\"extensionAllowed\":\"Reasonable time if voluminous\",\"fees\":{\"copies\":\"$0.15/page typical\",\"searchTime\":\"No search fee; statutory alternatives for electronic copies\"},\"feeWaiver\":{\"available\":true,\"criteria\":[\"Public interest\",\"Indigency\"],\"threshold\":\"Varies\"}},\"submission\":{\"methods\":[\"email\",\"mail\",\"in-person\"],\"contactTitle\":\"Public Records Officer\",\"mustBeWritten\":true},\"exemptions\":[\"Deliberative\",\"Investigatory\",\"Privacy\"],\"id\":\"state_wa_20250831_03\",\"lastUpdated\":\"2025-08-31T21:30:00Z\",\"createdAt\":\"2025-08-31T21:30:00Z\",\"updatedBy\":\"bulk_seed_final\"}"'),
	('state:WI', '"{\"code\":\"WI\",\"name\":\"Wisconsin\",\"slug\":\"wisconsin\",\"transparencyLaw\":{\"name\":\"Public Records Law\",\"statute\":\"Wis. Stat. § 19.31 et seq.\",\"type\":\"Public Records Law\",\"url\":\"https://docs.legis.wisconsin.gov/statutes/statutes/19/ii/31\"},\"requirements\":{\"responseDeadline\":\"As soon as practicable\",\"extensionAllowed\":\"Reasonable time if voluminous\",\"fees\":{\"copies\":\"Actual, necessary and direct costs\",\"searchTime\":\"No redaction time; no profit allowed\"},\"feeWaiver\":{\"available\":true,\"criteria\":[\"Public interest\"],\"threshold\":\"Varies\"}},\"submission\":{\"methods\":[\"email\",\"mail\",\"in-person\"],\"contactTitle\":\"Legal Custodian\",\"mustBeWritten\":false},\"exemptions\":[\"LE informants/federal records\",\"Trade secrets\",\"Financial identity\",\"Applicant confidentiality\"],\"id\":\"state_wi_20250831_03\",\"lastUpdated\":\"2025-08-31T21:30:00Z\",\"createdAt\":\"2025-08-31T21:30:00Z\",\"updatedBy\":\"bulk_seed_final\"}"'),
	('state:WY', '"{\"code\":\"WY\",\"name\":\"Wyoming\",\"slug\":\"wyoming\",\"transparencyLaw\":{\"name\":\"Public Records Act\",\"statute\":\"Wyo. Stat. § 16-4-201 et seq.\",\"type\":\"Public Records Act\",\"url\":\"https://www.wyoleg.gov/statutes/compress/title16.pdf\"},\"requirements\":{\"responseDeadline\":\"Reasonable time\",\"extensionAllowed\":\"Varies by request\",\"fees\":{\"copies\":\"Reasonable copy fees\",\"searchTime\":\"Electronic search/retrieval fees allowed\"},\"feeWaiver\":{\"available\":true,\"criteria\":[\"Public interest\"],\"threshold\":\"Varies\"}},\"submission\":{\"methods\":[\"email\",\"mail\",\"in-person\"],\"contactTitle\":\"Custodian\",\"mustBeWritten\":true},\"exemptions\":[\"LE investigations\",\"Testing materials\",\"Institution research\",\"Medical records\"],\"id\":\"state_wy_20250831_03\",\"lastUpdated\":\"2025-08-31T21:30:00Z\",\"createdAt\":\"2025-08-31T21:30:00Z\",\"updatedBy\":\"bulk_seed_final\"}"'),
	('state_slug:west-virginia', '"WV"'),
	('state:WV', '"{\"code\":\"WV\",\"name\":\"West Virginia\",\"slug\":\"west-virginia\",\"transparencyLaw\":{\"name\":\"Freedom of Information Act\",\"statute\":\"W. Va. Code § 29B-1-1 et seq.\",\"type\":\"FOIA\",\"url\":\"http://www.wvlegislature.gov/wvcode/ChapterEntire.cfm?chap=29b&art=1&section=1\"},\"requirements\":{\"responseDeadline\":\"5 business days\",\"extensionAllowed\":\"As needed per agency explanation\",\"fees\":{\"copies\":\"Actual copy cost\",\"searchTime\":\"No search/retrieval fee (statute)\"},\"feeWaiver\":{\"available\":true,\"criteria\":[\"Public interest\"],\"threshold\":\"Varies\"}},\"submission\":{\"methods\":[\"email\",\"mail\",\"in-person\"],\"contactTitle\":\"FOIA Officer\",\"mustBeWritten\":true},\"exemptions\":[\"Trade secrets\",\"Personal privacy\",\"Exam data\",\"Certain archaeological sites\",\"Internal LE records\"],\"id\":\"state_wv_20250901_01\",\"lastUpdated\":\"2025-09-01T00:20:00Z\",\"createdAt\":\"2025-09-01T00:20:00Z\",\"updatedBy\":\"bulk_seed_final\"}"');


--
-- Data for Name: conversations; Type: TABLE DATA; Schema: public; Owner: postgres
--



--
-- Data for Name: ai_chat_messages; Type: TABLE DATA; Schema: public; Owner: postgres
--



--
-- Data for Name: foia_sessions; Type: TABLE DATA; Schema: public; Owner: postgres
--



--
-- Data for Name: chat_messages; Type: TABLE DATA; Schema: public; Owner: postgres
--



--
-- Data for Name: foia_requests; Type: TABLE DATA; Schema: public; Owner: postgres
--



--
-- Data for Name: foia_templates; Type: TABLE DATA; Schema: public; Owner: postgres
--

INSERT INTO "public"."foia_templates" ("id", "name", "category", "state_code", "template", "variables", "is_public", "created_by", "usage_count", "created_at", "updated_at") VALUES
	('907fbb30-5ab5-4bd3-b19f-8a4e49fd7562', 'Police Records Request', 'Law Enforcement', 'CA', 'I am requesting all records related to [INCIDENT_DESCRIPTION] that occurred on [DATE] at [LOCATION]. This request is made under the California Public Records Act (CPRA). Please include incident reports, body camera footage, witness statements, and any other related documentation.', '{INCIDENT_DESCRIPTION,DATE,LOCATION}', true, NULL, 0, '2025-09-09 02:25:30.048391+00', '2025-09-09 02:25:30.048391+00'),
	('85852574-532f-4753-a4c2-9adf1fbfe0e2', 'Hospital Inspection Reports', 'Healthcare', 'FL', 'I am requesting all hospital inspection reports, violation notices, and corrective action plans for [HOSPITAL_NAME] from [START_DATE] to [END_DATE]. This request is made under Florida Statutes Chapter 119 (Sunshine Law).', '{HOSPITAL_NAME,START_DATE,END_DATE}', true, NULL, 0, '2025-09-09 02:25:30.048391+00', '2025-09-09 02:25:30.048391+00'),
	('7f75afc8-9153-40f7-96f0-573c4241eec4', 'Traffic Stop Records', 'Law Enforcement', 'TX', 'I am requesting all records related to a traffic stop involving [VEHICLE_DESCRIPTION] on [DATE] at [LOCATION]. This request is made under Texas Government Code Chapter 552 (PIA). Please include dash camera footage, incident reports, and officer notes.', '{VEHICLE_DESCRIPTION,DATE,LOCATION}', true, NULL, 0, '2025-09-09 02:25:30.048391+00', '2025-09-09 02:25:30.048391+00');


--
-- Data for Name: jurisdictions; Type: TABLE DATA; Schema: public; Owner: postgres
--



--
-- Data for Name: kv_store_484e86bc; Type: TABLE DATA; Schema: public; Owner: postgres
--

INSERT INTO "public"."kv_store_484e86bc" ("key", "value") VALUES
	('state:california', '{"id": "california", "laws": [{"fees": "Actual cost of duplication", "title": "California Public Records Act", "summary": "Provides public access to government records and information", "timeframe": "10 days to respond", "exemptions": ["Personnel records", "Ongoing investigations", "Attorney-client privilege"], "requestProcess": "Submit written request to agency"}], "name": "California", "subtitle": "Transparency Laws", "description": "California Public Records Act (CPRA)"}'),
	('state:new-york', '{"id": "new-york", "laws": [{"fees": "Reasonable fee for copies", "title": "Freedom of Information Law", "summary": "New York state law providing access to government records", "timeframe": "5 business days to respond", "exemptions": ["Personal privacy", "Law enforcement investigations", "Trade secrets"], "requestProcess": "Submit written request using standard form"}], "name": "New York", "subtitle": "Transparency Laws", "description": "Freedom of Information Law (FOIL)"}'),
	('state:texas', '{"id": "texas", "laws": [{"fees": "Cost of materials and labor", "title": "Texas Public Information Act", "summary": "Ensures public access to government information", "timeframe": "10 business days to respond", "exemptions": ["Confidential information", "Personnel files", "Litigation records"], "requestProcess": "Submit written request to appropriate officer"}], "name": "Texas", "subtitle": "Transparency Laws", "description": "Public Information Act"}'),
	('state:florida', '{"id": "florida", "laws": [{"fees": "Actual cost of duplication", "title": "Government in the Sunshine Law", "summary": "Florida law requiring open government meetings and records", "timeframe": "Prompt response required", "exemptions": ["Active criminal investigations", "Personal information", "Trade secrets"], "requestProcess": "Submit oral or written request"}], "name": "Florida", "subtitle": "Transparency Laws", "description": "Sunshine Law"}'),
	('state:illinois', '{"id": "illinois", "laws": [{"fees": "Reasonable fees for copying", "title": "Illinois Freedom of Information Act", "summary": "Provides access to public records and meetings", "timeframe": "5 business days to respond", "exemptions": ["Personal information", "Ongoing investigations", "Privileged communications"], "requestProcess": "Submit written request with specific description"}], "name": "Illinois", "subtitle": "Transparency Laws", "description": "Freedom of Information Act"}'),
	('state:washington', '{"id": "washington", "laws": [{"fees": "Copying and customization costs", "title": "Washington Public Records Act", "summary": "Promotes government transparency through public access to records", "timeframe": "5 business days to respond", "exemptions": ["Personal information", "Investigative records", "Attorney work product"], "requestProcess": "Submit written request to records officer"}], "name": "Washington", "subtitle": "Transparency Laws", "description": "Public Records Act"}'),
	('state:pennsylvania', '{"id": "pennsylvania", "laws": [{"fees": "Duplication fees may apply", "title": "Pennsylvania Right to Know Law", "summary": "Ensures public access to government records", "timeframe": "5 business days to respond", "exemptions": ["Personal information", "Security information", "Draft documents"], "requestProcess": "Submit written request to agency open records officer"}], "name": "Pennsylvania", "subtitle": "Transparency Laws", "description": "Right to Know Law"}'),
	('state:ohio', '{"id": "ohio", "laws": [{"fees": "Actual cost of copying", "title": "Ohio Public Records Law", "summary": "Provides broad access to public records", "timeframe": "Prompt disclosure required", "exemptions": ["Medical records", "Trial preparation records", "Personal information"], "requestProcess": "Submit request for inspection or copies"}], "name": "Ohio", "subtitle": "Transparency Laws", "description": "Public Records Law"}'),
	('all_states', '[{"id": "california", "name": "California", "subtitle": "Transparency Laws"}, {"id": "new-york", "name": "New York", "subtitle": "Transparency Laws"}, {"id": "texas", "name": "Texas", "subtitle": "Transparency Laws"}, {"id": "florida", "name": "Florida", "subtitle": "Transparency Laws"}, {"id": "illinois", "name": "Illinois", "subtitle": "Transparency Laws"}, {"id": "washington", "name": "Washington", "subtitle": "Transparency Laws"}, {"id": "pennsylvania", "name": "Pennsylvania", "subtitle": "Transparency Laws"}, {"id": "ohio", "name": "Ohio", "subtitle": "Transparency Laws"}]'),
	('states_initialized', 'true');


--
-- Data for Name: kv_store_90468c12; Type: TABLE DATA; Schema: public; Owner: postgres
--

INSERT INTO "public"."kv_store_90468c12" ("key", "value") VALUES
	('transparency_state_CA', '{"code": "CA", "name": "California", "resources": [{"url": "https://oag.ca.gov/government/cpra", "title": "California Attorney General CPRA Guide", "description": "Official guide to making public records requests in California"}, {"url": "https://firstamendmentcoalition.org/cpra/", "title": "First Amendment Coalition CPRA Resources", "description": "Practical guides and templates for CPRA requests"}], "basicProtocols": {"recipient": "Records custodian of the relevant public agency", "timeframe": "10 calendar days to respond (with possible 14-day extension)", "appealProcess": "File complaint with California Attorney General or pursue civil action", "requestMethod": "Written request (email, letter, or online portal if available)"}, "unusualFeatures": ["No residency requirement - anyone can make requests", "Agencies must provide records in electronic format if requested", "Strong presumption in favor of disclosure", "Expedited processing available for media requests"], "statutoryFramework": "California Public Records Act (CPRA)"}'),
	('transparency_state_TX', '{"code": "TX", "name": "Texas", "resources": [{"url": "https://www.texasattorneygeneral.gov/open-government", "title": "Texas Attorney General Open Government Guide", "description": "Comprehensive guide to Texas public information laws"}, {"url": "https://foift.org/", "title": "Freedom of Information Foundation of Texas", "description": "Non-profit providing TPIA training and resources"}], "basicProtocols": {"recipient": "Records custodian or public information officer of the relevant governmental body", "timeframe": "10 business days to respond or request additional time", "appealProcess": "Request Attorney General ruling, then possible civil action", "requestMethod": "Written request (any written form including email)"}, "unusualFeatures": ["No residency requirement", "Requestor may be charged for copies and staff time over 50 hours", "Attorney General issues binding rulings on disputed requests", "Some categories automatically exempt (personnel files, ongoing investigations)"], "statutoryFramework": "Texas Public Information Act (TPIA)"}'),
	('transparency_state_NY', '{"code": "NY", "name": "New York", "resources": [{"url": "https://opengovernment.ny.gov/", "title": "NYS Committee on Open Government", "description": "Official guidance on FOIL requests and appeals"}, {"url": "https://nynpa.com/foil-guide/", "title": "New York News Publishers Association FOIL Guide", "description": "Practical guide for making FOIL requests"}], "basicProtocols": {"recipient": "Records access officer of the relevant public agency", "timeframe": "5 business days to respond or provide estimated completion date", "appealProcess": "Administrative appeal to agency head, then Article 78 proceeding", "requestMethod": "Written request (letter, email, or online form)"}, "unusualFeatures": ["No residency requirement", "Agencies must designate a Records Access Officer", "Appeal must first go to agency head before court action", "Personal privacy exemption is broadly interpreted"], "statutoryFramework": "Freedom of Information Law (FOIL)"}'),
	('transparency_state_FL', '{"code": "FL", "name": "Florida", "resources": [{"url": "https://floridafaf.org/", "title": "First Amendment Foundation Florida Guide", "description": "Comprehensive resource for Florida open government laws"}, {"url": "https://myfloridalegal.com/open-government", "title": "Florida Attorney General Open Government Guide", "description": "Official guidance on Florida Sunshine Law"}], "basicProtocols": {"recipient": "Custodian of public records at the relevant agency", "timeframe": "Reasonable time for inspection; copies must be provided promptly", "appealProcess": "Mandamus action in circuit court", "requestMethod": "Oral or written request (no specific form required)"}, "unusualFeatures": ["No residency requirement", "Very broad definition of public records", "Oral requests are sufficient", "Strong constitutional right of access", "Attorney fees available for successful requestors"], "statutoryFramework": "Florida Sunshine Law (Chapter 119, Florida Statutes)"}'),
	('transparency_state_AZ', '{"code": "AZ", "name": "Arizona", "resources": [{"url": "https://az.gov", "title": "Arizona Public Records Guide", "description": "Official guidance for public records requests in Arizona"}, {"url": "https://az.gov/public-records", "title": "Arizona Attorney General Resources", "description": "Legal resources and guidance for Public Records Law"}], "basicProtocols": {"recipient": "Records Custodian", "timeframe": "3 days to respond", "appealProcess": "Court action required", "requestMethod": "Written request (email, letter, or online portal if available)"}, "unusualFeatures": ["Standard process"], "statutoryFramework": "Public Records Law"}'),
	('transparency_state_CO', '{"code": "CO", "name": "Colorado", "resources": [{"url": "https://co.gov", "title": "Colorado Public Records Guide", "description": "Official guidance for public records requests in Colorado"}, {"url": "https://co.gov/public-records", "title": "Colorado Attorney General Resources", "description": "Legal resources and guidance for Open Records Act (CORA)"}], "basicProtocols": {"recipient": "Records Custodian", "timeframe": "3 days to respond", "appealProcess": "Court action required", "requestMethod": "Written request (email, letter, or online portal if available)"}, "unusualFeatures": ["Standard process"], "statutoryFramework": "Open Records Act (CORA)"}'),
	('transparency_state_GA', '{"code": "GA", "name": "Georgia", "resources": [{"url": "https://ga.gov", "title": "Georgia Public Records Guide", "description": "Official guidance for public records requests in Georgia"}, {"url": "https://ga.gov/public-records", "title": "Georgia Attorney General Resources", "description": "Legal resources and guidance for Open Records Act"}], "basicProtocols": {"recipient": "Records Custodian", "timeframe": "3 days to respond", "appealProcess": "Court action required", "requestMethod": "Written request (email, letter, or online portal if available)"}, "unusualFeatures": ["Standard process"], "statutoryFramework": "Open Records Act"}'),
	('transparency_state_IL', '{"code": "IL", "name": "Illinois", "resources": [{"url": "https://il.gov", "title": "Illinois Public Records Guide", "description": "Official guidance for public records requests in Illinois"}, {"url": "https://il.gov/public-records", "title": "Illinois Attorney General Resources", "description": "Legal resources and guidance for Freedom of Information Act"}], "basicProtocols": {"recipient": "Records Custodian", "timeframe": "5 days to respond", "appealProcess": "Court action required", "requestMethod": "Written request (email, letter, or online portal if available)"}, "unusualFeatures": ["Standard process"], "statutoryFramework": "Freedom of Information Act"}'),
	('transparency_state_MI', '{"code": "MI", "name": "Michigan", "resources": [{"url": "https://mi.gov", "title": "Michigan Public Records Guide", "description": "Official guidance for public records requests in Michigan"}, {"url": "https://mi.gov/public-records", "title": "Michigan Attorney General Resources", "description": "Legal resources and guidance for Freedom of Information Act"}], "basicProtocols": {"recipient": "Records Custodian", "timeframe": "5 days to respond", "appealProcess": "Court action required", "requestMethod": "Written request (email, letter, or online portal if available)"}, "unusualFeatures": ["Standard process"], "statutoryFramework": "Freedom of Information Act"}'),
	('transparency_state_NC', '{"code": "NC", "name": "North Carolina", "resources": [{"url": "https://nc.gov", "title": "North Carolina Public Records Guide", "description": "Official guidance for public records requests in North Carolina"}, {"url": "https://nc.gov/public-records", "title": "North Carolina Attorney General Resources", "description": "Legal resources and guidance for Public Records Law"}], "basicProtocols": {"recipient": "Records Custodian", "timeframe": "10 days to respond", "appealProcess": "Court action required", "requestMethod": "Written request (email, letter, or online portal if available)"}, "unusualFeatures": ["Standard process"], "statutoryFramework": "Public Records Law"}'),
	('transparency_state_OH', '{"code": "OH", "name": "Ohio", "resources": [{"url": "https://oh.gov", "title": "Ohio Public Records Guide", "description": "Official guidance for public records requests in Ohio"}, {"url": "https://oh.gov/public-records", "title": "Ohio Attorney General Resources", "description": "Legal resources and guidance for Public Records Act"}], "basicProtocols": {"recipient": "Records Custodian", "timeframe": "10 days to respond", "appealProcess": "Court action required", "requestMethod": "Written request (email, letter, or online portal if available)"}, "unusualFeatures": ["Standard process"], "statutoryFramework": "Public Records Act"}'),
	('transparency_state_PA', '{"code": "PA", "name": "Pennsylvania", "resources": [{"url": "https://pa.gov", "title": "Pennsylvania Public Records Guide", "description": "Official guidance for public records requests in Pennsylvania"}, {"url": "https://pa.gov/public-records", "title": "Pennsylvania Attorney General Resources", "description": "Legal resources and guidance for Right-to-Know Law (RTKL)"}], "basicProtocols": {"recipient": "Records Custodian", "timeframe": "5 days to respond", "appealProcess": "Court action required", "requestMethod": "Written request (email, letter, or online portal if available)"}, "unusualFeatures": ["Standard process"], "statutoryFramework": "Right-to-Know Law (RTKL)"}'),
	('transparency_state_VA', '{"code": "VA", "name": "Virginia", "resources": [{"url": "https://va.gov", "title": "Virginia Public Records Guide", "description": "Official guidance for public records requests in Virginia"}, {"url": "https://va.gov/public-records", "title": "Virginia Attorney General Resources", "description": "Legal resources and guidance for Freedom of Information Act"}], "basicProtocols": {"recipient": "Records Custodian", "timeframe": "5 days to respond", "appealProcess": "Court action required", "requestMethod": "Written request (email, letter, or online portal if available)"}, "unusualFeatures": ["Standard process"], "statutoryFramework": "Freedom of Information Act"}'),
	('transparency_state_WA', '{"code": "WA", "name": "Washington", "resources": [{"url": "https://wa.gov", "title": "Washington Public Records Guide", "description": "Official guidance for public records requests in Washington"}, {"url": "https://wa.gov/public-records", "title": "Washington Attorney General Resources", "description": "Legal resources and guidance for Public Records Act"}], "basicProtocols": {"recipient": "Records Custodian", "timeframe": "5 days to respond", "appealProcess": "Court action required", "requestMethod": "Written request (email, letter, or online portal if available)"}, "unusualFeatures": ["Standard process"], "statutoryFramework": "Public Records Act"}'),
	('transparency_states_initialized', 'true');


--
-- Data for Name: kv_store_da1ef52d; Type: TABLE DATA; Schema: public; Owner: postgres
--



--
-- Data for Name: state_agency_contacts; Type: TABLE DATA; Schema: public; Owner: postgres
--



--
-- Data for Name: state_appeal_processes; Type: TABLE DATA; Schema: public; Owner: postgres
--



--
-- Data for Name: state_transparency_data; Type: TABLE DATA; Schema: public; Owner: postgres
--

INSERT INTO "public"."state_transparency_data" ("id", "state_code", "state_name", "law_name", "law_type", "response_time_days", "success_rate", "transparency_grade", "custodian_of_records", "appeal_process", "appeal_deadline_days", "fee_structure", "exemptions", "unusual_features", "common_obstacles", "official_portal", "official_handbook", "sample_requests", "created_at", "updated_at") VALUES
	('b4869869-708f-46d4-9159-268dba415e8a', 'AL', 'Alabama', 'Public Records Law', 'Other', 5, 58.00, 'F', 'Records Custodian', 'Court action required', 30, 'copies: Nominal/agency-set; searchFees: Only if substantial employee time', '{Privacy/medical,Juvenile/probation,Tax/financial,"Law-enforcement interests"}', '{"Standard process"}', '{"Limited staff","High volume"}', 'https://al.gov', 'https://al.gov/public-records', '{"Police reports","Budget documents"}', '2025-09-12 06:50:45.246631+00', '2025-09-12 06:50:45.246631+00'),
	('1f4177bb-7f9b-4949-8187-235a3ea2cff7', 'AK', 'Alaska', 'Alaska Public Records Act', 'Other', 10, 65.00, 'F', 'Records Custodian', 'Court action required', 30, 'copies: Agency unit cost; searchTime: Actual cost; kept to a minimum', '{"Personal privacy",Juvenile/adoption,"Some law-enforcement records"}', '{"Standard process"}', '{"Limited staff","High volume"}', 'https://ak.gov', 'https://ak.gov/public-records', '{"Police reports","Budget documents"}', '2025-09-12 06:50:45.246631+00', '2025-09-12 06:50:45.246631+00'),
	('2f111c46-be28-4540-8595-560e2ba6ade2', 'AZ', 'Arizona', 'Public Records Law', 'Other', 3, 65.00, 'D', 'Records Custodian', 'Court action required', 30, 'copies: Actual cost; searchFees: Limited; special rules for commercial requests', '{"Privacy balancing","Trade secrets","Investigatory materials"}', '{"Standard process"}', '{"Limited staff","High volume"}', 'https://az.gov', 'https://az.gov/public-records', '{"Police reports","Budget documents"}', '2025-09-12 06:50:45.246631+00', '2025-09-12 06:50:45.246631+00'),
	('d6b819cd-5cab-45eb-8223-1b3e89f2759c', 'AR', 'Arkansas', 'Arkansas Public Records Act', 'Other', 10, 65.00, 'F', 'Records Custodian', 'Court action required', 30, 'Reasonable costs', '{"Personal privacy","Trade secrets","Law enforcement"}', '{"Standard process"}', '{"Limited staff","High volume"}', 'https://ar.gov', 'https://ar.gov/public-records', '{"Police reports","Budget documents"}', '2025-09-12 06:50:45.246631+00', '2025-09-12 06:50:45.246631+00'),
	('a9de213b-3a51-484e-b450-200a9fa1d837', 'CA', 'California', 'Califor', 'CPRA', 10, 68.00, 'D', 'Records Custodian', 'Court action required', 30, 'directCostsOnly: True; copies: $0.10 per page; programmingTime: Actual cost', '{"Personnel records","Investigatory files","Attorney work product","Trade secrets"}', '{"Standard process"}', '{"Limited staff","High volume"}', 'https://ca.gov', 'https://ca.gov/public-records', '{"Police reports","Budget documents"}', '2025-09-12 06:50:45.246631+00', '2025-09-12 06:50:45.246631+00'),
	('e085a514-aa50-4cec-b7d7-0711061e4007', 'CO', 'Colorado', 'Open Records Act (CORA)', 'Other', 3, 65.00, 'D', 'Records Custodian', 'Court action required', 30, 'copies: $0.25/page (std); researchTime: Up to ~$33.58/hr', '{Medical/personnel,Investigations,"Trade secrets/library/student data"}', '{"Standard process"}', '{"Limited staff","High volume"}', 'https://co.gov', 'https://co.gov/public-records', '{"Police reports","Budget documents"}', '2025-09-12 06:50:45.246631+00', '2025-09-12 06:50:45.246631+00'),
	('b0007bdf-2dab-43f3-9ddf-7b77753c27bb', 'CT', 'Connecticut', 'Freedom of Information Act', 'FOIA', 4, 65.00, 'C', 'Records Custodian', 'Court action required', 30, 'copies: $0.25–$0.50 per page; searchTime: Actual cost (e.g., transcription/electronic)', '{"Preliminary drafts/notes","Personnel/medical privacy","Law-enforcement safety"}', '{"Standard process"}', '{"Limited staff","High volume"}', 'https://ct.gov', 'https://ct.gov/public-records', '{"Police reports","Budget documents"}', '2025-09-12 06:50:45.246631+00', '2025-09-12 06:50:45.246631+00'),
	('b6013a65-b2bd-4457-9151-333059bb2109', 'DE', 'Delaware', 'Freedom of Information Act', 'FOIA', 15, 65.00, 'D', 'Records Custodian', 'Court action required', 30, 'copies: Reasonable duplication cost (policy); searchTime: Actual labor where authorized; estimate required', '{Personnel,"Criminal files","Trade secrets/competitive harm"}', '{"Standard process"}', '{"Limited staff","High volume"}', 'https://de.gov', 'https://de.gov/public-records', '{"Police reports","Budget documents"}', '2025-09-12 06:50:45.246631+00', '2025-09-12 06:50:45.246631+00'),
	('099abb41-34df-4daa-9175-f0425c9cf158', 'FL', 'Florida', 'Gover', 'Other', 10, 78.00, 'D', 'Records Custodian', 'Court action required', 30, 'firstFifteenPages: Free (non-commercial); additionalPages: $0.15 per page; specialRequests: Actual cost', '{"Public safety and security","Personal privacy","Active criminal investigations","Attorney-client privilege"}', '{"Standard process"}', '{"Limited staff","High volume"}', 'https://fl.gov', 'https://fl.gov/public-records', '{"Police reports","Budget documents"}', '2025-09-12 06:50:45.246631+00', '2025-09-12 06:50:45.246631+00'),
	('d956d0af-9ce8-46b1-9033-cc4a99cdb06f', 'GA', 'Georgia', 'Open Records Act', 'Other', 3, 65.00, 'D', 'Records Custodian', 'Court action required', 30, 'copies: $0.25 per page; searchTime: Actual cost; most economical means', '{Investigations,"Certain real estate","Attorney-client privilege"}', '{"Standard process"}', '{"Limited staff","High volume"}', 'https://ga.gov', 'https://ga.gov/public-records', '{"Police reports","Budget documents"}', '2025-09-12 06:50:45.246631+00', '2025-09-12 06:50:45.246631+00'),
	('495f7dd5-c075-4eea-9410-2171c821851c', 'HI', 'Hawaii', 'Uniform Information Practices Act (UIPA)', 'Other', 10, 65.00, 'F', 'Records Custodian', 'Court action required', 30, 'copies: $0.25/page; searchTime: $2.50/15m search; $5/15m review (first $30 waived)', '{Privacy,"Judicial proceeding records","Confidential working papers"}', '{"Standard process"}', '{"Limited staff","High volume"}', 'https://hi.gov', 'https://hi.gov/public-records', '{"Police reports","Budget documents"}', '2025-09-12 06:50:45.337158+00', '2025-09-12 06:50:45.337158+00'),
	('cf6caf32-880e-402d-94a9-4bb4abe1ca0f', 'ID', 'Idaho', 'Public Records Act', 'Other', 3, 65.00, 'D', 'Records Custodian', 'Court action required', 30, 'copies: Actual cost; laborTime: $30/hr after first hour or >100 pages', '{Court/confidentiality,"Law-enforcement investigations",Personnel/medical,"Trade secrets"}', '{"Standard process"}', '{"Limited staff","High volume"}', 'https://id.gov', 'https://id.gov/public-records', '{"Police reports","Budget documents"}', '2025-09-12 06:50:45.337158+00', '2025-09-12 06:50:45.337158+00'),
	('c7b8816e-1298-4424-b75c-8cd175a61469', 'IL', 'Illinois', 'Freedom of Information Act', 'FOIA', 5, 65.00, 'C', 'Records Custodian', 'Court action required', 30, 'firstFiftyPages: Free; additionalPages: $0.15 per page; searchFees: None; programmingFees: Actual cost', '{"Personal privacy information","Law enforcement investigatory records","Attorney-client privileged communications","Trade secrets and commercial information"}', '{"Standard process"}', '{"Limited staff","High volume"}', 'https://il.gov', 'https://il.gov/public-records', '{"Police reports","Budget documents"}', '2025-09-12 06:50:45.337158+00', '2025-09-12 06:50:45.337158+00'),
	('a8dda5e7-66aa-4377-90cc-abb8b79054e5', 'IN', 'Indiana', 'Indiana Public Records Act', 'Other', 10, 65.00, 'F', 'Records Custodian', 'Court action required', 30, 'Reasonable costs', '{"Personal privacy","Trade secrets","Law enforcement"}', '{"Standard process"}', '{"Limited staff","High volume"}', 'https://in.gov', 'https://in.gov/public-records', '{"Police reports","Budget documents"}', '2025-09-12 06:50:45.337158+00', '2025-09-12 06:50:45.337158+00'),
	('ca176811-d73d-4336-8515-39449cc40bdd', 'IA', 'Iowa', 'Open Records Law', 'Other', 3, 65.00, 'D', 'Records Custodian', 'Court action required', 30, 'copies: Actual cost; searchTime: Supervisory/admin cost per policy', '{Personnel,"Criminal investigation","Trade secrets"}', '{"Standard process"}', '{"Limited staff","High volume"}', 'https://ia.gov', 'https://ia.gov/public-records', '{"Police reports","Budget documents"}', '2025-09-12 06:50:45.337158+00', '2025-09-12 06:50:45.337158+00'),
	('73d1aac2-c8dc-4fb9-a3c4-b6d1e93ed65f', 'KS', 'Kansas', 'Open Records Act (KORA)', 'Other', 3, 65.00, 'D', 'Records Custodian', 'Court action required', 30, 'copies: Actual cost; searchTime: Actual personnel/computer services (advance possible)', '{Personnel,"Criminal investigations","Attorney-client privilege"}', '{"Standard process"}', '{"Limited staff","High volume"}', 'https://ks.gov', 'https://ks.gov/public-records', '{"Police reports","Budget documents"}', '2025-09-12 06:50:45.337158+00', '2025-09-12 06:50:45.337158+00'),
	('ef6986c5-71d0-4dcb-a34c-53c5dd1d1dc4', 'KY', 'Kentucky', 'Open Records Act', 'Other', 3, 65.00, 'D', 'Records Custodian', 'Court action required', 30, 'copies: Actual cost (noncommercial); searchTime: Actual cost (commercial requests)', '{Personnel,Investigatory,"Attorney-client/working papers"}', '{"Standard process"}', '{"Limited staff","High volume"}', 'https://ky.gov', 'https://ky.gov/public-records', '{"Police reports","Budget documents"}', '2025-09-12 06:50:45.337158+00', '2025-09-12 06:50:45.337158+00'),
	('7edd3309-ee99-4e41-8411-d161cfcfffd8', 'LA', 'Louisiana', 'Public Records Act', 'Other', 3, 65.00, 'D', 'Records Custodian', 'Court action required', 30, 'copies: Reasonable duplication fee; searchTime: Limited', '{"Pending criminal litigation","Security procedures","Trade secrets","Some employee information"}', '{"Standard process"}', '{"Limited staff","High volume"}', 'https://la.gov', 'https://la.gov/public-records', '{"Police reports","Budget documents"}', '2025-09-12 06:50:45.337158+00', '2025-09-12 06:50:45.337158+00'),
	('d1fbebe1-36d8-42b4-b181-a8eae963f831', 'ME', 'Maine', 'Freedom of Access Act (FOAA)', 'Other', 5, 65.00, 'D', 'Records Custodian', 'Court action required', 30, 'copies: $0.25/page; searchTime: $15/hour after first hour', '{"Certain LE investigation docs","Legislature records","University admin committees"}', '{"Standard process"}', '{"Limited staff","High volume"}', 'https://me.gov', 'https://me.gov/public-records', '{"Police reports","Budget documents"}', '2025-09-12 06:50:45.337158+00', '2025-09-12 06:50:45.337158+00'),
	('030fa804-317f-4649-b85f-3e5575e4c744', 'MD', 'Maryland', 'Maryland Public Records Act', 'Other', 10, 65.00, 'F', 'Records Custodian', 'Court action required', 30, 'Reasonable costs', '{"Personal privacy","Trade secrets","Law enforcement"}', '{"Standard process"}', '{"Limited staff","High volume"}', 'https://md.gov', 'https://md.gov/public-records', '{"Police reports","Budget documents"}', '2025-09-12 06:50:45.337158+00', '2025-09-12 06:50:45.337158+00'),
	('0491bc9d-dba7-4921-af76-66d01abfd6c0', 'MA', 'Massachusetts', 'Massachusetts Public Records Act', 'Other', 10, 65.00, 'F', 'Records Custodian', 'Court action required', 30, 'Reasonable costs', '{"Personal privacy","Trade secrets","Law enforcement"}', '{"Standard process"}', '{"Limited staff","High volume"}', 'https://ma.gov', 'https://ma.gov/public-records', '{"Police reports","Budget documents"}', '2025-09-12 06:50:45.428671+00', '2025-09-12 06:50:45.428671+00'),
	('cb9c0ebb-df42-4301-b791-9f287e807d93', 'MI', 'Michigan', 'Freedom of Information Act', 'FOIA', 5, 65.00, 'C', 'Records Custodian', 'Court action required', 30, 'copies: $0.10/page (typical); laborTime: Lowest-paid capable employee', '{"Private info","Advisory communications",Attorney-client,"Law-enforcement records"}', '{"Standard process"}', '{"Limited staff","High volume"}', 'https://mi.gov', 'https://mi.gov/public-records', '{"Police reports","Budget documents"}', '2025-09-12 06:50:45.428671+00', '2025-09-12 06:50:45.428671+00'),
	('3f5b6e4f-5274-4183-aac6-f6426a4c8de7', 'MN', 'Minnesota', 'Government Data Practices Act (MGDPA)', 'Other', 1, 65.00, 'D', 'Records Custodian', 'Court action required', 30, 'copies: Actual cost; preparationTime: Labor may be charged in some cases', '{"Juvenile court","Personnel data","Trade secrets"}', '{"Standard process"}', '{"Limited staff","High volume"}', 'https://mn.gov', 'https://mn.gov/public-records', '{"Police reports","Budget documents"}', '2025-09-12 06:50:45.428671+00', '2025-09-12 06:50:45.428671+00'),
	('ffc2e0d1-96c5-4e71-a2e7-2ca1872e37c6', 'MS', 'Mississippi', 'Public Records Act', 'Other', 7, 65.00, 'F', 'Records Custodian', 'Court action required', 30, 'copies: Reasonable/actual cost; searchTime: Actual cost', '{Personnel,"Exam/tax data","Attorney work product"}', '{"Standard process"}', '{"Limited staff","High volume"}', 'https://ms.gov', 'https://ms.gov/public-records', '{"Police reports","Budget documents"}', '2025-09-12 06:50:45.428671+00', '2025-09-12 06:50:45.428671+00'),
	('c547bc27-5577-4f9e-8a00-1bdd6b54a6e4', 'MO', 'Missouri', 'Sunshine Law', 'Sunshine', 3, 65.00, 'C', 'Records Custodian', 'Court action required', 30, 'copies: Actual cost; typical per-page caps; researchTime: Actual labor cost', '{Personnel,"LE techniques/active cases","Trade secrets/medical/scholastic"}', '{"Standard process"}', '{"Limited staff","High volume"}', 'https://mo.gov', 'https://mo.gov/public-records', '{"Police reports","Budget documents"}', '2025-09-12 06:50:45.428671+00', '2025-09-12 06:50:45.428671+00'),
	('4c97d4c8-ff89-40f1-9a9c-1d46918fe977', 'MT', 'Montana', 'Public Records Act', 'Other', 10, 65.00, 'F', 'Records Custodian', 'Court action required', 30, 'copies: $0.10/page typical; searchTime: After free time, hourly charge (policy)', '{"Privacy balancing","Certain investigation materials"}', '{"Standard process"}', '{"Limited staff","High volume"}', 'https://mt.gov', 'https://mt.gov/public-records', '{"Police reports","Budget documents"}', '2025-09-12 06:50:45.428671+00', '2025-09-12 06:50:45.428671+00'),
	('1987eb4d-d439-4d50-835a-94d2adc7369c', 'NE', 'Nebraska', 'Public Records Statutes', 'Other', 4, 65.00, 'D', 'Records Custodian', 'Court action required', 30, 'copies: Actual cost; searchTime: No fee for first 4 hrs; then special service', '{Personnel/medical,Law-enforcement/investigative,"Trade secrets"}', '{"Standard process"}', '{"Limited staff","High volume"}', 'https://ne.gov', 'https://ne.gov/public-records', '{"Police reports","Budget documents"}', '2025-09-12 06:50:45.428671+00', '2025-09-12 06:50:45.428671+00'),
	('98487d6d-b95a-495c-9f55-2c2d5b486491', 'NV', 'Nevada', 'Public Records Act', 'Other', 5, 65.00, 'D', 'Records Custodian', 'Court action required', 30, 'copies: ≤ $0.25/page cap; searchTime: Actual costs; prepayment allowed', '{"Numerous exemptions incl. privacy",Law-enforcement,Commercial}', '{"Standard process"}', '{"Limited staff","High volume"}', 'https://nv.gov', 'https://nv.gov/public-records', '{"Police reports","Budget documents"}', '2025-09-12 06:50:45.428671+00', '2025-09-12 06:50:45.428671+00'),
	('9fc33ebe-07a8-4f25-971e-9da98b0bc85f', 'NH', 'New Hampshire', 'Right-to-Know Law', 'Other', 5, 65.00, 'D', 'Records Custodian', 'Court action required', 30, 'copies: Reproduction costs only; searchTime: Generally not charged', '{"Investigative files",Parole/pardon,"Student/financial info"}', '{"Standard process"}', '{"Limited staff","High volume"}', 'https://nh.gov', 'https://nh.gov/public-records', '{"Police reports","Budget documents"}', '2025-09-12 06:50:45.428671+00', '2025-09-12 06:50:45.428671+00'),
	('8a9bdb93-ac1f-4ae5-baaa-c55af6cf3524', 'NJ', 'New Jersey', 'Open Public Records Act (OPRA)', 'Other', 7, 65.00, 'F', 'Records Custodian', 'Court action required', 30, 'copies: $0.75 first 10pp; $0.50 next 10; $0.25 thereafter (paper); specialService: Actual cost for special service/electronic media', '{"Legislature/Governor working papers","Criminal investigatory","Trade secrets"}', '{"Standard process"}', '{"Limited staff","High volume"}', 'https://nj.gov', 'https://nj.gov/public-records', '{"Police reports","Budget documents"}', '2025-09-12 06:50:45.428671+00', '2025-09-12 06:50:45.428671+00'),
	('094efbac-9faa-4d09-a4cd-05306b61b0f9', 'NM', 'New Mexico', 'Inspection of Public Records Act (IPRA)', 'Other', 3, 65.00, 'D', 'Records Custodian', 'Court action required', 30, 'copies: Actual copy cost; searchTime: No search fees', '{"Personnel opinions","LE confidential sources/methods","Student finalists timing rules"}', '{"Standard process"}', '{"Limited staff","High volume"}', 'https://nm.gov', 'https://nm.gov/public-records', '{"Police reports","Budget documents"}', '2025-09-12 06:50:45.521496+00', '2025-09-12 06:50:45.521496+00'),
	('3afd1a70-955b-4a3a-9a5a-9e882131544c', 'NY', 'New York', 'Freedom of I', 'FOIL', 10, 65.00, 'F', 'Records Custodian', 'Court action required', 30, 'copies: $0.25 per page; electronicRecords: Actual cost; certifiedCopies: $0.50 per page', '{"Privacy protection","Law enforcement records","Trade secrets","Attorney-client privilege"}', '{"Standard process"}', '{"Limited staff","High volume"}', 'https://ny.gov', 'https://ny.gov/public-records', '{"Police reports","Budget documents"}', '2025-09-12 06:50:45.521496+00', '2025-09-12 06:50:45.521496+00'),
	('0d17cd20-38e2-415c-ae24-d773d228f9ea', 'NC', 'North Carolina', 'Public Records Law', 'Other', 10, 65.00, 'F', 'Records Custodian', 'Court action required', 30, 'copies: Actual copy cost; searchTime: Additional fees only for extensive labor', '{"Confidential legal comms","Criminal investigations","Intelligence information"}', '{"Standard process"}', '{"Limited staff","High volume"}', 'https://nc.gov', 'https://nc.gov/public-records', '{"Police reports","Budget documents"}', '2025-09-12 06:50:45.521496+00', '2025-09-12 06:50:45.521496+00'),
	('03e45f97-cd0c-4d20-beb4-37dae27aefa3', 'ND', 'North Dakota', 'Open Records Statute', 'Other', 10, 65.00, 'F', 'Records Custodian', 'Court action required', 30, 'copies: Actual cost; searchTime: Estimate & prepayment allowed', '{Juvenile/medical,"Trade secrets","LE investigation records"}', '{"Standard process"}', '{"Limited staff","High volume"}', 'https://nd.gov', 'https://nd.gov/public-records', '{"Police reports","Budget documents"}', '2025-09-12 06:50:45.521496+00', '2025-09-12 06:50:45.521496+00'),
	('fcb820ca-9c77-47d1-be7a-170766ecc473', 'OH', 'Ohio', 'Public Records Act', 'Other', 10, 65.00, 'F', 'Records Custodian', 'Court action required', 30, 'copies: Actual material cost; searchTime: Not allowed', '{Medical/adoption,Parole/probation,"Certain LE investigations"}', '{"Standard process"}', '{"Limited staff","High volume"}', 'https://oh.gov', 'https://oh.gov/public-records', '{"Police reports","Budget documents"}', '2025-09-12 06:50:45.521496+00', '2025-09-12 06:50:45.521496+00'),
	('0cb911e1-fa48-4574-8b66-5bbd99ca1a54', 'OK', 'Oklahoma', 'Open Records Act', 'Other', 3, 65.00, 'D', 'Records Custodian', 'Court action required', 30, 'copies: $0.25/page (std); searchTime: Allowed for burdensome/commercial requests', '{"Evidentiary privilege",Personnel,"Bids/programs/student records"}', '{"Standard process"}', '{"Limited staff","High volume"}', 'https://ok.gov', 'https://ok.gov/public-records', '{"Police reports","Budget documents"}', '2025-09-12 06:50:45.521496+00', '2025-09-12 06:50:45.521496+00'),
	('734027f8-3bc3-4356-8041-39a751948174', 'OR', 'Oregon', 'Public Records Law', 'Other', 10, 65.00, 'F', 'Records Custodian', 'Court action required', 30, 'copies: Actual cost; searchTime: Actual cost; estimate if > $25', '{"Health treatment (<75 yrs)","Litigation/trade secrets","Criminal investigation materials"}', '{"Standard process"}', '{"Limited staff","High volume"}', 'https://or.gov', 'https://or.gov/public-records', '{"Police reports","Budget documents"}', '2025-09-12 06:50:45.521496+00', '2025-09-12 06:50:45.521496+00'),
	('0e133d43-2e29-4fa0-b813-9f5714af1401', 'PA', 'Pennsylvania', 'Right-to-Know Law (RTKL)', 'Other', 5, 65.00, 'D', 'Records Custodian', 'Court action required', 30, 'copies: $0.25/page; searchTime: No search fee; special handling at actual cost', '{"Personnel privacy","Trade secrets","Security/LE sensitive"}', '{"Standard process"}', '{"Limited staff","High volume"}', 'https://pa.gov', 'https://pa.gov/public-records', '{"Police reports","Budget documents"}', '2025-09-12 06:50:45.521496+00', '2025-09-12 06:50:45.521496+00'),
	('5a08bcd1-ca4b-4929-beae-bae7e3d4ff7d', 'RI', 'Rhode Island', 'Access to Public Records Act (APRA)', 'Other', 10, 65.00, 'F', 'Records Custodian', 'Court action required', 30, 'copies: $0.15/page; searchTime: $15/hour after first hour; estimate required', '{Privacy,"LE techniques/investigations","Trade secrets/negotiations"}', '{"Standard process"}', '{"Limited staff","High volume"}', 'https://ri.gov', 'https://ri.gov/public-records', '{"Police reports","Budget documents"}', '2025-09-12 06:50:45.521496+00', '2025-09-12 06:50:45.521496+00'),
	('5b38d6ba-263a-45b0-9096-9292565e3b9b', 'SC', 'South Carolina', 'Freedom of Information Act', 'FOIA', 15, 65.00, 'D', 'Records Custodian', 'Court action required', 30, 'copies: Actual cost; searchTime: Actual cost; fee schedules', '{"Pending investigations","Attorney communications","Certain financial/banking"}', '{"Standard process"}', '{"Limited staff","High volume"}', 'https://sc.gov', 'https://sc.gov/public-records', '{"Police reports","Budget documents"}', '2025-09-12 06:50:45.521496+00', '2025-09-12 06:50:45.521496+00'),
	('69db35b0-4748-415c-ae30-4ec918bfc347', 'SD', 'South Dakota', 'Open Records Law', 'Other', 10, 65.00, 'F', 'Records Custodian', 'Court action required', 30, 'copies: Actual cost; searchTime: Employee labor after first hour', '{"Savings & loan reports",Juvenile/adoption,"Hospital licensing/medical research"}', '{"Standard process"}', '{"Limited staff","High volume"}', 'https://sd.gov', 'https://sd.gov/public-records', '{"Police reports","Budget documents"}', '2025-09-12 06:50:45.613271+00', '2025-09-12 06:50:45.613271+00'),
	('76e85449-c4e2-46fc-a826-6899d0da6db7', 'TN', 'Tennessee', 'Public Records Act', 'Other', 7, 65.00, 'F', 'Records Custodian', 'Court action required', 30, 'copies: $0.15 B/W; $0.50 color per page; laborTime: After first hour at hourly wage', '{"Medical records","Some investigations","Student records"}', '{"Standard process"}', '{"Limited staff","High volume"}', 'https://tn.gov', 'https://tn.gov/public-records', '{"Police reports","Budget documents"}', '2025-09-12 06:50:45.613271+00', '2025-09-12 06:50:45.613271+00'),
	('b685cf67-b696-4fc6-aef7-fa40d8d2b824', 'TX', 'Texas', 'Texas Public I', 'PIA', 10, 72.00, 'D', 'Records Custodian', 'Court action required', 30, 'programmingTime: $15-40 per hour; copies: Actual cost; overhead: Not allowed', '{"Confidential by law","Ongoing law enforcement investigations","Personal information","Attorney work product"}', '{"Standard process"}', '{"Limited staff","High volume"}', 'https://tx.gov', 'https://tx.gov/public-records', '{"Police reports","Budget documents"}', '2025-09-12 06:50:45.613271+00', '2025-09-12 06:50:45.613271+00'),
	('4f17f500-17ef-43fa-8db9-f3b62b2c1f15', 'UT', 'Utah', 'Government Records Access and Management Act (GRAMA)', 'Other', 10, 65.00, 'F', 'Records Custodian', 'Court action required', 30, 'copies: Reasonable actual cost; searchTime: Search/retrieval/formatting may be charged', '{"Private/controlled records",Security-sensitive,"Financial competition/instability"}', '{"Standard process"}', '{"Limited staff","High volume"}', 'https://ut.gov', 'https://ut.gov/public-records', '{"Police reports","Budget documents"}', '2025-09-12 06:50:45.613271+00', '2025-09-12 06:50:45.613271+00'),
	('f3fe3a3c-e50c-42d7-bd94-ad4c82937aaa', 'VT', 'Vermont', 'Public Records Act', 'Other', 2, 65.00, 'D', 'Records Custodian', 'Court action required', 30, 'copies: Actual copy cost; searchTime: Search after 30 minutes chargeable', '{Personnel,"Criminal investigation","Tax/archaeological sites"}', '{"Standard process"}', '{"Limited staff","High volume"}', 'https://vt.gov', 'https://vt.gov/public-records', '{"Police reports","Budget documents"}', '2025-09-12 06:50:45.613271+00', '2025-09-12 06:50:45.613271+00'),
	('cfdf25de-324d-4d99-ba22-fd473c784db9', 'VA', 'Virginia', 'Freedom of Information Act', 'FOIA', 5, 65.00, 'C', 'Records Custodian', 'Court action required', 30, 'copies: Actual cost of access/search/duplication; searchTime: Actual cost; itemized', '{Personnel/medical/tax,Attorney-client,"Working papers/real estate"}', '{"Standard process"}', '{"Limited staff","High volume"}', 'https://va.gov', 'https://va.gov/public-records', '{"Police reports","Budget documents"}', '2025-09-12 06:50:45.613271+00', '2025-09-12 06:50:45.613271+00'),
	('31eb8250-201e-4528-b72f-e261a3741e95', 'WA', 'Washington', 'Public Records Act', 'Other', 5, 65.00, 'D', 'Records Custodian', 'Court action required', 30, 'copies: $0.15/page typical; searchTime: No search fee; statutory alternatives for electronic copies', '{Deliberative,Investigatory,Privacy}', '{"Standard process"}', '{"Limited staff","High volume"}', 'https://wa.gov', 'https://wa.gov/public-records', '{"Police reports","Budget documents"}', '2025-09-12 06:50:45.613271+00', '2025-09-12 06:50:45.613271+00'),
	('97ce83f6-88e7-40b8-ab74-3f33a54b9003', 'WV', 'West Virginia', 'Freedom of Information Act', 'FOIA', 5, 65.00, 'C', 'Records Custodian', 'Court action required', 30, 'copies: Actual copy cost; searchTime: No search/retrieval fee (statute)', '{"Trade secrets","Personal privacy","Exam data","Certain archaeological sites","Internal LE records"}', '{"Standard process"}', '{"Limited staff","High volume"}', 'https://wv.gov', 'https://wv.gov/public-records', '{"Police reports","Budget documents"}', '2025-09-12 06:50:45.613271+00', '2025-09-12 06:50:45.613271+00'),
	('609f4315-4e1d-4584-9bcd-c1ed03eebad0', 'WI', 'Wisconsin', 'Public Records Law', 'Other', 10, 65.00, 'F', 'Records Custodian', 'Court action required', 30, 'copies: Actual, necessary and direct costs; searchTime: No redaction time; no profit allowed', '{"LE informants/federal records","Trade secrets","Financial identity","Applicant confidentiality"}', '{"Standard process"}', '{"Limited staff","High volume"}', 'https://wi.gov', 'https://wi.gov/public-records', '{"Police reports","Budget documents"}', '2025-09-12 06:50:45.613271+00', '2025-09-12 06:50:45.613271+00'),
	('e4bbc7e9-2c63-418a-88d0-8fb5f790fa0e', 'WY', 'Wyoming', 'Public Records Act', 'Other', 10, 65.00, 'F', 'Records Custodian', 'Court action required', 30, 'copies: Reasonable copy fees; searchTime: Electronic search/retrieval fees allowed', '{"LE investigations","Testing materials","Institution research","Medical records"}', '{"Standard process"}', '{"Limited staff","High volume"}', 'https://wy.gov', 'https://wy.gov/public-records', '{"Police reports","Budget documents"}', '2025-09-12 06:50:45.613271+00', '2025-09-12 06:50:45.613271+00');


--
-- Data for Name: user_profiles; Type: TABLE DATA; Schema: public; Owner: postgres
--



--
-- Data for Name: states; Type: TABLE DATA; Schema: states; Owner: postgres
--

INSERT INTO "states"."states" ("id", "state_code", "state_name", "svg_id", "population", "capital_city", "region", "created_at", "updated_at") VALUES
	('a515aa90-a150-47b7-aa01-fc45894b34b0', 'CA', 'California', 'California-State', 39538223, 'Sacramento', 'West', '2025-09-07 00:57:47.814038+00', '2025-09-07 00:57:47.814038+00'),
	('1cd67f17-e797-4c55-b2cb-41c196049e59', 'TX', 'Texas', 'Texas-State', 29145505, 'Austin', 'Southwest', '2025-09-07 00:57:47.814038+00', '2025-09-07 00:57:47.814038+00'),
	('b9fd62fa-e7e0-4e97-8070-2fc47e72a11b', 'FL', 'Florida', 'Florida-State', 21538187, 'Tallahassee', 'Southeast', '2025-09-07 00:57:47.814038+00', '2025-09-07 00:57:47.814038+00'),
	('7a2de335-e220-4e29-8902-008bb720d512', 'NY', 'New York', 'New-York', 20201249, 'Albany', 'Northeast', '2025-09-07 00:57:47.814038+00', '2025-09-07 00:57:47.814038+00'),
	('1799ef1b-5dcf-4a28-9f6f-6cd97d5801c6', 'PA', 'Pennsylvania', 'Pennsylvania-State', 13002700, 'Harrisburg', 'Northeast', '2025-09-07 00:57:47.814038+00', '2025-09-07 00:57:47.814038+00'),
	('469d53f8-ecfe-45e9-b419-6c1aecdfc366', 'IL', 'Illinois', 'Illinois-State', 12812508, 'Springfield', 'Midwest', '2025-09-07 00:57:47.814038+00', '2025-09-07 00:57:47.814038+00'),
	('0d131f80-e1b0-4c70-944a-95b9f9a777fd', 'OH', 'Ohio', 'Ohio-State', 11799448, 'Columbus', 'Midwest', '2025-09-07 00:57:47.814038+00', '2025-09-07 00:57:47.814038+00'),
	('3ba58255-0965-4791-bfb3-9886c5c611cb', 'GA', 'Georgia', 'Georgia-State', 10711908, 'Atlanta', 'Southeast', '2025-09-07 00:57:47.814038+00', '2025-09-07 00:57:47.814038+00'),
	('9d1bb2e6-3413-46b1-a0c6-752887929e4c', 'NC', 'North Carolina', 'North-Carolina', 10439388, 'Raleigh', 'Southeast', '2025-09-07 00:57:47.814038+00', '2025-09-07 00:57:47.814038+00'),
	('21937081-a5c7-48f4-b364-9dfefecb2d66', 'MI', 'Michigan', 'Michigan-State', 10037261, 'Lansing', 'Midwest', '2025-09-07 00:57:47.814038+00', '2025-09-07 00:57:47.814038+00');


--
-- Data for Name: agencies; Type: TABLE DATA; Schema: states; Owner: postgres
--



--
-- Data for Name: exemptions; Type: TABLE DATA; Schema: states; Owner: postgres
--



--
-- Data for Name: request_processes; Type: TABLE DATA; Schema: states; Owner: postgres
--

INSERT INTO "states"."request_processes" ("id", "state_id", "step_number", "step_title", "step_description", "step_type", "required_documents", "tips", "created_at", "updated_at") VALUES
	('cabcd098-ac35-4045-b26a-d8249b92a25e', 'a515aa90-a150-47b7-aa01-fc45894b34b0', 1, 'Identify the Agency', 'Determine which government agency has the records you need. This could be a state agency, local government, or specific department.', 'preparation', '{"Agency contact information","Record description"}', 'Start with the agency most likely to have the records. You can always be referred to another agency if needed.', '2025-09-07 00:57:47.814038+00', '2025-09-07 00:57:47.814038+00'),
	('ea9bf280-0653-46db-ba55-362f99cb2d0d', 'a515aa90-a150-47b7-aa01-fc45894b34b0', 2, 'Submit Your Request', 'Submit your request in writing to the appropriate agency. Include specific details about the records you seek.', 'submission', '{"Written request","Specific record description","Contact information"}', 'Be as specific as possible about the records you want. Include date ranges, document types, and any other relevant details.', '2025-09-07 00:57:47.814038+00', '2025-09-07 00:57:47.814038+00');


--
-- Data for Name: transparency_laws; Type: TABLE DATA; Schema: states; Owner: postgres
--

INSERT INTO "states"."transparency_laws" ("id", "state_id", "law_name", "law_type", "response_deadline_days", "appeal_deadline_days", "cost_per_page", "max_hourly_fee", "exemptions_count", "has_penalties", "penalty_amount", "is_resident_required", "has_online_portal", "portal_url", "law_text_url", "last_updated", "created_at", "updated_at") VALUES
	('6b8d291f-440e-4a3b-914d-b43388675057', 'a515aa90-a150-47b7-aa01-fc45894b34b0', 'California Public Records Act', 'Open Records', 10, 30, 0.10, 25.00, 12, true, 5000.00, false, true, 'https://www.sos.ca.gov/archives/california-public-records-act/', 'https://leginfo.legislature.ca.gov/faces/codes_displayText.xhtml?lawCode=GOV&division=3.5&title=2&part=&chapter=3.5', '2023-01-01', '2025-09-07 00:57:47.814038+00', '2025-09-07 00:57:47.814038+00'),
	('53a16efb-967e-4dfd-b0bd-fc860cc2a805', '1cd67f17-e797-4c55-b2cb-41c196049e59', 'Texas Public Information Act', 'Open Records', 10, 30, 0.10, 15.00, 15, true, 1000.00, false, true, 'https://www.texasattorneygeneral.gov/open-government', 'https://statutes.capitol.texas.gov/Docs/GV/htm/GV.552.htm', '2023-01-01', '2025-09-07 00:57:47.814038+00', '2025-09-07 00:57:47.814038+00');


--
-- Data for Name: transparency_scores; Type: TABLE DATA; Schema: states; Owner: postgres
--

INSERT INTO "states"."transparency_scores" ("id", "state_id", "overall_score", "response_time_score", "cost_score", "exemptions_score", "enforcement_score", "digital_access_score", "ranking", "data_source", "year", "created_at", "updated_at") VALUES
	('9c832910-520a-4c96-b3f5-1c714218a4ec', 'a515aa90-a150-47b7-aa01-fc45894b34b0', 85, 90, 80, 75, 85, 95, 5, 'Center for Public Integrity', 2023, '2025-09-07 00:57:47.814038+00', '2025-09-07 00:57:47.814038+00'),
	('18d2bb26-d9d2-42aa-a705-7e73801bdea8', '1cd67f17-e797-4c55-b2cb-41c196049e59', 78, 85, 70, 65, 80, 90, 12, 'Center for Public Integrity', 2023, '2025-09-07 00:57:47.814038+00', '2025-09-07 00:57:47.814038+00');


--
-- Data for Name: buckets; Type: TABLE DATA; Schema: storage; Owner: supabase_storage_admin
--

INSERT INTO "storage"."buckets" ("id", "name", "owner", "created_at", "updated_at", "public", "avif_autodetection", "file_size_limit", "allowed_mime_types", "owner_id", "type") VALUES
	('FOIA-Data', 'FOIA-Data', NULL, '2025-09-14 22:20:37.962104+00', '2025-09-14 22:20:37.962104+00', false, false, NULL, NULL, NULL, 'STANDARD');


--
-- Data for Name: buckets_analytics; Type: TABLE DATA; Schema: storage; Owner: supabase_storage_admin
--



--
-- Data for Name: objects; Type: TABLE DATA; Schema: storage; Owner: supabase_storage_admin
--



--
-- Data for Name: prefixes; Type: TABLE DATA; Schema: storage; Owner: supabase_storage_admin
--



--
-- Data for Name: s3_multipart_uploads; Type: TABLE DATA; Schema: storage; Owner: supabase_storage_admin
--



--
-- Data for Name: s3_multipart_uploads_parts; Type: TABLE DATA; Schema: storage; Owner: supabase_storage_admin
--



--
-- Data for Name: obstruction_patterns; Type: TABLE DATA; Schema: strategic_intelligence; Owner: postgres
--



--
-- Data for Name: state_tactics; Type: TABLE DATA; Schema: strategic_intelligence; Owner: postgres
--

INSERT INTO "strategic_intelligence"."state_tactics" ("id", "state_code", "common_obstruction_tactics", "agency_evasion_patterns", "typical_false_exemptions", "successful_counter_strategies", "hostile_agency_indicators", "friendly_agency_indicators", "attorney_review_typical", "political_climate_notes", "pro_tips", "red_flags", "timing_strategies", "relationship_building_advice", "confidence_level", "intelligence_sources", "last_validated", "created_at", "updated_at") VALUES
	('323dd630-c21c-4dfc-bb1c-deb9b4e3c88b', 'TX', '{"Excessive programming time estimates ($500+ for simple searches)","Overly broad \"security\" exemptions on routine records","Delayed AG ruling requests (stalling tactic)","False \"no responsive records\" claims","Improper \"ongoing investigation\" exemptions"}', NULL, NULL, NULL, NULL, NULL, false, NULL, '{"Always request electronic format to minimize programming fees","Challenge any programming estimate over $100 for basic records","Cite specific Gov Code sections in your request","Use certified mail for important requests"}', '{"Agency claims everything is \"security sensitive\"","Massive programming time estimates for simple requests","AG ruling delays beyond 45 days","Agencies asking \"why do you need this?\""}', NULL, NULL, 'high', NULL, '2025-09-09', '2025-09-23 22:10:54.980745+00', '2025-09-23 22:10:54.980745+00'),
	('2e05c989-af78-4d1b-a2f5-e441316316b5', 'CA', '{"Overly broad \"deliberative process\" exemptions","Excessive search time estimates","False \"trade secret\" claims on public contracts","Improper redaction of routine information","Claiming consultation delays with third parties"}', NULL, NULL, NULL, NULL, NULL, false, NULL, '{"Always request inspection before copying","Argue public interest for fee waivers","Challenge \"deliberative process\" claims aggressively","Request electronic format to reduce costs"}', '{"Agency claims \"deliberative process\" on factual records","Excessive redaction of names in public meetings","False \"trade secret\" claims on government contracts","Indefinite \"consultation\" delays"}', NULL, NULL, 'high', NULL, '2025-09-09', '2025-09-23 22:10:54.980745+00', '2025-09-23 22:10:54.980745+00'),
	('1f1364a0-0e8f-4195-afec-832bdbbefabb', 'FL', '{"False claims of \"active criminal investigation\"","Improper \"security\" exemptions on routine records","Excessive redaction of personal information","Delay tactics citing vague \"reasonable time\"","Claiming records are \"preliminary\" or \"draft\""}', NULL, NULL, NULL, NULL, NULL, false, NULL, '{"Emphasize \"immediate\" response requirement","Challenge any delay beyond a few days","Use attorney fee threat for compliance","Request rolling production for large requests"}', '{"Any delay beyond 2-3 days without explanation","Claims that routine records are \"security sensitive\"","Excessive redaction of names in public documents","Agencies asking for \"clarification\" on clear requests"}', NULL, NULL, 'high', NULL, '2025-09-09', '2025-09-23 22:10:54.980745+00', '2025-09-23 22:10:54.980745+00'),
	('d6760fcd-bbab-403d-b0bf-50d45a12cbd8', 'NY', '{"Overly broad privacy exemptions on public officials","False \"inter-agency communications\" privilege claims","Excessive fee estimates for electronic records","Improper \"law enforcement\" exemptions on closed cases","Delay tactics during agency head appeals"}', NULL, NULL, NULL, NULL, NULL, false, NULL, '{"Always appeal denials to agency head first","Challenge privacy exemptions on public officials","Request Committee on Open Government advisory opinion","Cite specific FOIL precedents in appeals"}', '{"Privacy claims on public employee conduct","Blanket \"law enforcement\" exemptions","Excessive fees for email searches","Agency head appeal delays beyond 10 days"}', NULL, NULL, 'high', NULL, '2025-09-09', '2025-09-23 22:10:54.980745+00', '2025-09-23 22:10:54.980745+00');


--
-- Data for Name: hooks; Type: TABLE DATA; Schema: supabase_functions; Owner: supabase_functions_admin
--



--
-- Data for Name: agency_contacts; Type: TABLE DATA; Schema: transparency_data; Owner: postgres
--



--
-- Data for Name: state_profiles; Type: TABLE DATA; Schema: transparency_data; Owner: postgres
--

INSERT INTO "transparency_data"."state_profiles" ("id", "state_code", "state_name", "law_name", "law_type", "primary_citation", "transparency_grade", "response_time_days", "success_rate_percentage", "appeal_deadline_days", "custodian_of_records", "official_portal_url", "official_handbook_url", "fee_structure_summary", "key_exemptions", "notable_features", "last_verified", "data_quality_score", "created_at", "updated_at") VALUES
	('a8d13a71-2854-4458-9e0b-d3a2aabd686a', 'AL', 'Alabama', 'Public Records Law', 'Other', 'Public Records Law', 'F', 5, 58.00, 30, 'Records Custodian', 'https://al.gov', 'https://al.gov/public-records', 'copies: Nominal/agency-set; searchFees: Only if substantial employee time', '{Privacy/medical,Juvenile/probation,Tax/financial,"Law-enforcement interests"}', '{"Standard process"}', '2025-09-23', 5, '2025-09-12 06:50:45.246631+00', '2025-09-12 06:50:45.246631+00'),
	('94fe0c8e-537e-423e-99a2-02b404730842', 'AK', 'Alaska', 'Alaska Public Records Act', 'Other', 'Alaska Public Records Act', 'F', 10, 65.00, 30, 'Records Custodian', 'https://ak.gov', 'https://ak.gov/public-records', 'copies: Agency unit cost; searchTime: Actual cost; kept to a minimum', '{"Personal privacy",Juvenile/adoption,"Some law-enforcement records"}', '{"Standard process"}', '2025-09-23', 5, '2025-09-12 06:50:45.246631+00', '2025-09-12 06:50:45.246631+00'),
	('db7f4a80-483d-454a-9a82-c78042deb1eb', 'AZ', 'Arizona', 'Public Records Law', 'Other', 'Public Records Law', 'D', 3, 65.00, 30, 'Records Custodian', 'https://az.gov', 'https://az.gov/public-records', 'copies: Actual cost; searchFees: Limited; special rules for commercial requests', '{"Privacy balancing","Trade secrets","Investigatory materials"}', '{"Standard process"}', '2025-09-23', 5, '2025-09-12 06:50:45.246631+00', '2025-09-12 06:50:45.246631+00'),
	('553e7b97-5d8f-4f10-a313-d15d383ed462', 'AR', 'Arkansas', 'Arkansas Public Records Act', 'Other', 'Arkansas Public Records Act', 'F', 10, 65.00, 30, 'Records Custodian', 'https://ar.gov', 'https://ar.gov/public-records', 'Reasonable costs', '{"Personal privacy","Trade secrets","Law enforcement"}', '{"Standard process"}', '2025-09-23', 5, '2025-09-12 06:50:45.246631+00', '2025-09-12 06:50:45.246631+00'),
	('530c3f13-2ae3-4893-a938-ff0ecb2f2971', 'CA', 'California', 'Califor', 'CPRA', 'Califor', 'D', 10, 68.00, 30, 'Records Custodian', 'https://ca.gov', 'https://ca.gov/public-records', 'directCostsOnly: True; copies: $0.10 per page; programmingTime: Actual cost', '{"Personnel records","Investigatory files","Attorney work product","Trade secrets"}', '{"Standard process"}', '2025-09-23', 5, '2025-09-12 06:50:45.246631+00', '2025-09-12 06:50:45.246631+00'),
	('2a5dcb14-8b56-4380-8f8c-35e45809b9e7', 'CO', 'Colorado', 'Open Records Act (CORA)', 'Other', 'Open Records Act (CORA)', 'D', 3, 65.00, 30, 'Records Custodian', 'https://co.gov', 'https://co.gov/public-records', 'copies: $0.25/page (std); researchTime: Up to ~$33.58/hr', '{Medical/personnel,Investigations,"Trade secrets/library/student data"}', '{"Standard process"}', '2025-09-23', 5, '2025-09-12 06:50:45.246631+00', '2025-09-12 06:50:45.246631+00'),
	('5ddfd5df-473a-453c-b9cb-fad70b1f2d74', 'CT', 'Connecticut', 'Freedom of Information Act', 'FOIA', 'Freedom of Information Act', 'C', 4, 65.00, 30, 'Records Custodian', 'https://ct.gov', 'https://ct.gov/public-records', 'copies: $0.25–$0.50 per page; searchTime: Actual cost (e.g., transcription/electronic)', '{"Preliminary drafts/notes","Personnel/medical privacy","Law-enforcement safety"}', '{"Standard process"}', '2025-09-23', 5, '2025-09-12 06:50:45.246631+00', '2025-09-12 06:50:45.246631+00'),
	('5dca5fad-e19c-4b18-881e-ef4ca4ddee2f', 'DE', 'Delaware', 'Freedom of Information Act', 'FOIA', 'Freedom of Information Act', 'D', 15, 65.00, 30, 'Records Custodian', 'https://de.gov', 'https://de.gov/public-records', 'copies: Reasonable duplication cost (policy); searchTime: Actual labor where authorized; estimate required', '{Personnel,"Criminal files","Trade secrets/competitive harm"}', '{"Standard process"}', '2025-09-23', 5, '2025-09-12 06:50:45.246631+00', '2025-09-12 06:50:45.246631+00'),
	('144e211f-3465-44ae-8143-2e277e173ab5', 'FL', 'Florida', 'Gover', 'Other', 'Gover', 'D', 10, 78.00, 30, 'Records Custodian', 'https://fl.gov', 'https://fl.gov/public-records', 'firstFifteenPages: Free (non-commercial); additionalPages: $0.15 per page; specialRequests: Actual cost', '{"Public safety and security","Personal privacy","Active criminal investigations","Attorney-client privilege"}', '{"Standard process"}', '2025-09-23', 5, '2025-09-12 06:50:45.246631+00', '2025-09-12 06:50:45.246631+00'),
	('cb5bc784-0c05-4937-b538-6c419227f25b', 'GA', 'Georgia', 'Open Records Act', 'Other', 'Open Records Act', 'D', 3, 65.00, 30, 'Records Custodian', 'https://ga.gov', 'https://ga.gov/public-records', 'copies: $0.25 per page; searchTime: Actual cost; most economical means', '{Investigations,"Certain real estate","Attorney-client privilege"}', '{"Standard process"}', '2025-09-23', 5, '2025-09-12 06:50:45.246631+00', '2025-09-12 06:50:45.246631+00'),
	('20943de7-893c-4a98-96d9-0b6b47d2ca1b', 'HI', 'Hawaii', 'Uniform Information Practices Act (UIPA)', 'Other', 'Uniform Information Practices Act (UIPA)', 'F', 10, 65.00, 30, 'Records Custodian', 'https://hi.gov', 'https://hi.gov/public-records', 'copies: $0.25/page; searchTime: $2.50/15m search; $5/15m review (first $30 waived)', '{Privacy,"Judicial proceeding records","Confidential working papers"}', '{"Standard process"}', '2025-09-23', 5, '2025-09-12 06:50:45.337158+00', '2025-09-12 06:50:45.337158+00'),
	('3db5fc67-6505-4430-9dc4-43b963329d3f', 'ID', 'Idaho', 'Public Records Act', 'Other', 'Public Records Act', 'D', 3, 65.00, 30, 'Records Custodian', 'https://id.gov', 'https://id.gov/public-records', 'copies: Actual cost; laborTime: $30/hr after first hour or >100 pages', '{Court/confidentiality,"Law-enforcement investigations",Personnel/medical,"Trade secrets"}', '{"Standard process"}', '2025-09-23', 5, '2025-09-12 06:50:45.337158+00', '2025-09-12 06:50:45.337158+00'),
	('9fbe64e7-3425-4ffb-8580-24ad6bb3f2ac', 'IL', 'Illinois', 'Freedom of Information Act', 'FOIA', 'Freedom of Information Act', 'C', 5, 65.00, 30, 'Records Custodian', 'https://il.gov', 'https://il.gov/public-records', 'firstFiftyPages: Free; additionalPages: $0.15 per page; searchFees: None; programmingFees: Actual cost', '{"Personal privacy information","Law enforcement investigatory records","Attorney-client privileged communications","Trade secrets and commercial information"}', '{"Standard process"}', '2025-09-23', 5, '2025-09-12 06:50:45.337158+00', '2025-09-12 06:50:45.337158+00'),
	('35ce1cb2-c7b2-41a6-9e86-9f5e1a280df0', 'IN', 'Indiana', 'Indiana Public Records Act', 'Other', 'Indiana Public Records Act', 'F', 10, 65.00, 30, 'Records Custodian', 'https://in.gov', 'https://in.gov/public-records', 'Reasonable costs', '{"Personal privacy","Trade secrets","Law enforcement"}', '{"Standard process"}', '2025-09-23', 5, '2025-09-12 06:50:45.337158+00', '2025-09-12 06:50:45.337158+00'),
	('4f88bd36-46dd-4336-bf7a-ced28c76f8b4', 'IA', 'Iowa', 'Open Records Law', 'Other', 'Open Records Law', 'D', 3, 65.00, 30, 'Records Custodian', 'https://ia.gov', 'https://ia.gov/public-records', 'copies: Actual cost; searchTime: Supervisory/admin cost per policy', '{Personnel,"Criminal investigation","Trade secrets"}', '{"Standard process"}', '2025-09-23', 5, '2025-09-12 06:50:45.337158+00', '2025-09-12 06:50:45.337158+00'),
	('ed0b5be2-7ed2-4e7d-a89d-1b79bfff6848', 'KS', 'Kansas', 'Open Records Act (KORA)', 'Other', 'Open Records Act (KORA)', 'D', 3, 65.00, 30, 'Records Custodian', 'https://ks.gov', 'https://ks.gov/public-records', 'copies: Actual cost; searchTime: Actual personnel/computer services (advance possible)', '{Personnel,"Criminal investigations","Attorney-client privilege"}', '{"Standard process"}', '2025-09-23', 5, '2025-09-12 06:50:45.337158+00', '2025-09-12 06:50:45.337158+00'),
	('86abf93f-e244-465a-adf4-b181c65cb2a2', 'KY', 'Kentucky', 'Open Records Act', 'Other', 'Open Records Act', 'D', 3, 65.00, 30, 'Records Custodian', 'https://ky.gov', 'https://ky.gov/public-records', 'copies: Actual cost (noncommercial); searchTime: Actual cost (commercial requests)', '{Personnel,Investigatory,"Attorney-client/working papers"}', '{"Standard process"}', '2025-09-23', 5, '2025-09-12 06:50:45.337158+00', '2025-09-12 06:50:45.337158+00'),
	('1c34705b-7aff-45ae-90db-b4ed9786c486', 'LA', 'Louisiana', 'Public Records Act', 'Other', 'Public Records Act', 'D', 3, 65.00, 30, 'Records Custodian', 'https://la.gov', 'https://la.gov/public-records', 'copies: Reasonable duplication fee; searchTime: Limited', '{"Pending criminal litigation","Security procedures","Trade secrets","Some employee information"}', '{"Standard process"}', '2025-09-23', 5, '2025-09-12 06:50:45.337158+00', '2025-09-12 06:50:45.337158+00'),
	('aacc77f2-73bf-41a0-9af4-9ed1e4579fc1', 'ME', 'Maine', 'Freedom of Access Act (FOAA)', 'Other', 'Freedom of Access Act (FOAA)', 'D', 5, 65.00, 30, 'Records Custodian', 'https://me.gov', 'https://me.gov/public-records', 'copies: $0.25/page; searchTime: $15/hour after first hour', '{"Certain LE investigation docs","Legislature records","University admin committees"}', '{"Standard process"}', '2025-09-23', 5, '2025-09-12 06:50:45.337158+00', '2025-09-12 06:50:45.337158+00'),
	('d7bc189d-5be8-47d7-b25d-1a80a8cfcd06', 'MD', 'Maryland', 'Maryland Public Records Act', 'Other', 'Maryland Public Records Act', 'F', 10, 65.00, 30, 'Records Custodian', 'https://md.gov', 'https://md.gov/public-records', 'Reasonable costs', '{"Personal privacy","Trade secrets","Law enforcement"}', '{"Standard process"}', '2025-09-23', 5, '2025-09-12 06:50:45.337158+00', '2025-09-12 06:50:45.337158+00'),
	('1396aea2-e8e3-4b11-a399-1826e245efef', 'MA', 'Massachusetts', 'Massachusetts Public Records Act', 'Other', 'Massachusetts Public Records Act', 'F', 10, 65.00, 30, 'Records Custodian', 'https://ma.gov', 'https://ma.gov/public-records', 'Reasonable costs', '{"Personal privacy","Trade secrets","Law enforcement"}', '{"Standard process"}', '2025-09-23', 5, '2025-09-12 06:50:45.428671+00', '2025-09-12 06:50:45.428671+00'),
	('5eaf5df5-c9e1-4c28-bc49-bfb195e41314', 'MI', 'Michigan', 'Freedom of Information Act', 'FOIA', 'Freedom of Information Act', 'C', 5, 65.00, 30, 'Records Custodian', 'https://mi.gov', 'https://mi.gov/public-records', 'copies: $0.10/page (typical); laborTime: Lowest-paid capable employee', '{"Private info","Advisory communications",Attorney-client,"Law-enforcement records"}', '{"Standard process"}', '2025-09-23', 5, '2025-09-12 06:50:45.428671+00', '2025-09-12 06:50:45.428671+00'),
	('d33b3296-41b6-4a62-9489-4d6ba5a1799a', 'MN', 'Minnesota', 'Government Data Practices Act (MGDPA)', 'Other', 'Government Data Practices Act (MGDPA)', 'D', 1, 65.00, 30, 'Records Custodian', 'https://mn.gov', 'https://mn.gov/public-records', 'copies: Actual cost; preparationTime: Labor may be charged in some cases', '{"Juvenile court","Personnel data","Trade secrets"}', '{"Standard process"}', '2025-09-23', 5, '2025-09-12 06:50:45.428671+00', '2025-09-12 06:50:45.428671+00'),
	('83748aa7-e68f-4594-82a3-19137bf2f3e8', 'MS', 'Mississippi', 'Public Records Act', 'Other', 'Public Records Act', 'F', 7, 65.00, 30, 'Records Custodian', 'https://ms.gov', 'https://ms.gov/public-records', 'copies: Reasonable/actual cost; searchTime: Actual cost', '{Personnel,"Exam/tax data","Attorney work product"}', '{"Standard process"}', '2025-09-23', 5, '2025-09-12 06:50:45.428671+00', '2025-09-12 06:50:45.428671+00'),
	('4b3c6ed8-4a8a-48a7-8820-2b8c2d026f0d', 'MO', 'Missouri', 'Sunshine Law', 'Sunshine', 'Sunshine Law', 'C', 3, 65.00, 30, 'Records Custodian', 'https://mo.gov', 'https://mo.gov/public-records', 'copies: Actual cost; typical per-page caps; researchTime: Actual labor cost', '{Personnel,"LE techniques/active cases","Trade secrets/medical/scholastic"}', '{"Standard process"}', '2025-09-23', 5, '2025-09-12 06:50:45.428671+00', '2025-09-12 06:50:45.428671+00'),
	('54242c8b-caf8-49d9-99ff-47f387e964dd', 'MT', 'Montana', 'Public Records Act', 'Other', 'Public Records Act', 'F', 10, 65.00, 30, 'Records Custodian', 'https://mt.gov', 'https://mt.gov/public-records', 'copies: $0.10/page typical; searchTime: After free time, hourly charge (policy)', '{"Privacy balancing","Certain investigation materials"}', '{"Standard process"}', '2025-09-23', 5, '2025-09-12 06:50:45.428671+00', '2025-09-12 06:50:45.428671+00'),
	('86c8571a-1ab1-4b0e-86a3-29c1e413afb6', 'NE', 'Nebraska', 'Public Records Statutes', 'Other', 'Public Records Statutes', 'D', 4, 65.00, 30, 'Records Custodian', 'https://ne.gov', 'https://ne.gov/public-records', 'copies: Actual cost; searchTime: No fee for first 4 hrs; then special service', '{Personnel/medical,Law-enforcement/investigative,"Trade secrets"}', '{"Standard process"}', '2025-09-23', 5, '2025-09-12 06:50:45.428671+00', '2025-09-12 06:50:45.428671+00'),
	('ae12c681-f1c8-4426-962f-549f94d04eef', 'NV', 'Nevada', 'Public Records Act', 'Other', 'Public Records Act', 'D', 5, 65.00, 30, 'Records Custodian', 'https://nv.gov', 'https://nv.gov/public-records', 'copies: ≤ $0.25/page cap; searchTime: Actual costs; prepayment allowed', '{"Numerous exemptions incl. privacy",Law-enforcement,Commercial}', '{"Standard process"}', '2025-09-23', 5, '2025-09-12 06:50:45.428671+00', '2025-09-12 06:50:45.428671+00'),
	('43d477d3-200d-4c99-b85d-337a6cecb99a', 'NH', 'New Hampshire', 'Right-to-Know Law', 'Other', 'Right-to-Know Law', 'D', 5, 65.00, 30, 'Records Custodian', 'https://nh.gov', 'https://nh.gov/public-records', 'copies: Reproduction costs only; searchTime: Generally not charged', '{"Investigative files",Parole/pardon,"Student/financial info"}', '{"Standard process"}', '2025-09-23', 5, '2025-09-12 06:50:45.428671+00', '2025-09-12 06:50:45.428671+00'),
	('8431e517-5c13-4afe-b3f1-5b37d78965f9', 'NJ', 'New Jersey', 'Open Public Records Act (OPRA)', 'Other', 'Open Public Records Act (OPRA)', 'F', 7, 65.00, 30, 'Records Custodian', 'https://nj.gov', 'https://nj.gov/public-records', 'copies: $0.75 first 10pp; $0.50 next 10; $0.25 thereafter (paper); specialService: Actual cost for special service/electronic media', '{"Legislature/Governor working papers","Criminal investigatory","Trade secrets"}', '{"Standard process"}', '2025-09-23', 5, '2025-09-12 06:50:45.428671+00', '2025-09-12 06:50:45.428671+00'),
	('828348ae-3093-469a-a150-aa05524f73ff', 'NM', 'New Mexico', 'Inspection of Public Records Act (IPRA)', 'Other', 'Inspection of Public Records Act (IPRA)', 'D', 3, 65.00, 30, 'Records Custodian', 'https://nm.gov', 'https://nm.gov/public-records', 'copies: Actual copy cost; searchTime: No search fees', '{"Personnel opinions","LE confidential sources/methods","Student finalists timing rules"}', '{"Standard process"}', '2025-09-23', 5, '2025-09-12 06:50:45.521496+00', '2025-09-12 06:50:45.521496+00'),
	('82e8fb81-96cd-4e3e-adec-3523814e3093', 'NY', 'New York', 'Freedom of I', 'FOIL', 'Freedom of I', 'F', 10, 65.00, 30, 'Records Custodian', 'https://ny.gov', 'https://ny.gov/public-records', 'copies: $0.25 per page; electronicRecords: Actual cost; certifiedCopies: $0.50 per page', '{"Privacy protection","Law enforcement records","Trade secrets","Attorney-client privilege"}', '{"Standard process"}', '2025-09-23', 5, '2025-09-12 06:50:45.521496+00', '2025-09-12 06:50:45.521496+00'),
	('72c0ef11-09b2-46e1-9b18-eba098e60c0a', 'NC', 'North Carolina', 'Public Records Law', 'Other', 'Public Records Law', 'F', 10, 65.00, 30, 'Records Custodian', 'https://nc.gov', 'https://nc.gov/public-records', 'copies: Actual copy cost; searchTime: Additional fees only for extensive labor', '{"Confidential legal comms","Criminal investigations","Intelligence information"}', '{"Standard process"}', '2025-09-23', 5, '2025-09-12 06:50:45.521496+00', '2025-09-12 06:50:45.521496+00'),
	('e340ebff-79b5-46f2-9b43-e95ad20f774b', 'ND', 'North Dakota', 'Open Records Statute', 'Other', 'Open Records Statute', 'F', 10, 65.00, 30, 'Records Custodian', 'https://nd.gov', 'https://nd.gov/public-records', 'copies: Actual cost; searchTime: Estimate & prepayment allowed', '{Juvenile/medical,"Trade secrets","LE investigation records"}', '{"Standard process"}', '2025-09-23', 5, '2025-09-12 06:50:45.521496+00', '2025-09-12 06:50:45.521496+00'),
	('ddf76163-7f61-488c-ab19-58f05b19086e', 'OH', 'Ohio', 'Public Records Act', 'Other', 'Public Records Act', 'F', 10, 65.00, 30, 'Records Custodian', 'https://oh.gov', 'https://oh.gov/public-records', 'copies: Actual material cost; searchTime: Not allowed', '{Medical/adoption,Parole/probation,"Certain LE investigations"}', '{"Standard process"}', '2025-09-23', 5, '2025-09-12 06:50:45.521496+00', '2025-09-12 06:50:45.521496+00'),
	('032cca45-b1e1-4ade-a391-ef06db6880aa', 'OK', 'Oklahoma', 'Open Records Act', 'Other', 'Open Records Act', 'D', 3, 65.00, 30, 'Records Custodian', 'https://ok.gov', 'https://ok.gov/public-records', 'copies: $0.25/page (std); searchTime: Allowed for burdensome/commercial requests', '{"Evidentiary privilege",Personnel,"Bids/programs/student records"}', '{"Standard process"}', '2025-09-23', 5, '2025-09-12 06:50:45.521496+00', '2025-09-12 06:50:45.521496+00'),
	('5fe81270-a380-4772-9aad-62be4308d2f0', 'OR', 'Oregon', 'Public Records Law', 'Other', 'Public Records Law', 'F', 10, 65.00, 30, 'Records Custodian', 'https://or.gov', 'https://or.gov/public-records', 'copies: Actual cost; searchTime: Actual cost; estimate if > $25', '{"Health treatment (<75 yrs)","Litigation/trade secrets","Criminal investigation materials"}', '{"Standard process"}', '2025-09-23', 5, '2025-09-12 06:50:45.521496+00', '2025-09-12 06:50:45.521496+00'),
	('39b3e6e5-3dbc-4673-bfed-d384ee6670ad', 'PA', 'Pennsylvania', 'Right-to-Know Law (RTKL)', 'Other', 'Right-to-Know Law (RTKL)', 'D', 5, 65.00, 30, 'Records Custodian', 'https://pa.gov', 'https://pa.gov/public-records', 'copies: $0.25/page; searchTime: No search fee; special handling at actual cost', '{"Personnel privacy","Trade secrets","Security/LE sensitive"}', '{"Standard process"}', '2025-09-23', 5, '2025-09-12 06:50:45.521496+00', '2025-09-12 06:50:45.521496+00'),
	('21b64767-7495-4bfe-a271-70a3c9eab56c', 'RI', 'Rhode Island', 'Access to Public Records Act (APRA)', 'Other', 'Access to Public Records Act (APRA)', 'F', 10, 65.00, 30, 'Records Custodian', 'https://ri.gov', 'https://ri.gov/public-records', 'copies: $0.15/page; searchTime: $15/hour after first hour; estimate required', '{Privacy,"LE techniques/investigations","Trade secrets/negotiations"}', '{"Standard process"}', '2025-09-23', 5, '2025-09-12 06:50:45.521496+00', '2025-09-12 06:50:45.521496+00'),
	('f841913a-cf79-43fa-a5ef-005f822a46c2', 'SC', 'South Carolina', 'Freedom of Information Act', 'FOIA', 'Freedom of Information Act', 'D', 15, 65.00, 30, 'Records Custodian', 'https://sc.gov', 'https://sc.gov/public-records', 'copies: Actual cost; searchTime: Actual cost; fee schedules', '{"Pending investigations","Attorney communications","Certain financial/banking"}', '{"Standard process"}', '2025-09-23', 5, '2025-09-12 06:50:45.521496+00', '2025-09-12 06:50:45.521496+00'),
	('f5d73918-c812-4d97-ad2f-5f61a843b51b', 'SD', 'South Dakota', 'Open Records Law', 'Other', 'Open Records Law', 'F', 10, 65.00, 30, 'Records Custodian', 'https://sd.gov', 'https://sd.gov/public-records', 'copies: Actual cost; searchTime: Employee labor after first hour', '{"Savings & loan reports",Juvenile/adoption,"Hospital licensing/medical research"}', '{"Standard process"}', '2025-09-23', 5, '2025-09-12 06:50:45.613271+00', '2025-09-12 06:50:45.613271+00'),
	('a30933d2-237e-4604-9788-14d5cc8506b1', 'TN', 'Tennessee', 'Public Records Act', 'Other', 'Public Records Act', 'F', 7, 65.00, 30, 'Records Custodian', 'https://tn.gov', 'https://tn.gov/public-records', 'copies: $0.15 B/W; $0.50 color per page; laborTime: After first hour at hourly wage', '{"Medical records","Some investigations","Student records"}', '{"Standard process"}', '2025-09-23', 5, '2025-09-12 06:50:45.613271+00', '2025-09-12 06:50:45.613271+00'),
	('c1095181-9d27-434a-b95d-02cccaf00830', 'TX', 'Texas', 'Texas Public I', 'PIA', 'Texas Public I', 'D', 10, 72.00, 30, 'Records Custodian', 'https://tx.gov', 'https://tx.gov/public-records', 'programmingTime: $15-40 per hour; copies: Actual cost; overhead: Not allowed', '{"Confidential by law","Ongoing law enforcement investigations","Personal information","Attorney work product"}', '{"Standard process"}', '2025-09-23', 5, '2025-09-12 06:50:45.613271+00', '2025-09-12 06:50:45.613271+00'),
	('dd80fd91-c02b-4899-987d-8874818ed759', 'UT', 'Utah', 'Government Records Access and Management Act (GRAMA)', 'Other', 'Government Records Access and Management Act (GRAMA)', 'F', 10, 65.00, 30, 'Records Custodian', 'https://ut.gov', 'https://ut.gov/public-records', 'copies: Reasonable actual cost; searchTime: Search/retrieval/formatting may be charged', '{"Private/controlled records",Security-sensitive,"Financial competition/instability"}', '{"Standard process"}', '2025-09-23', 5, '2025-09-12 06:50:45.613271+00', '2025-09-12 06:50:45.613271+00'),
	('6491b63c-973f-4b35-b3c9-f8043a22056e', 'VT', 'Vermont', 'Public Records Act', 'Other', 'Public Records Act', 'D', 2, 65.00, 30, 'Records Custodian', 'https://vt.gov', 'https://vt.gov/public-records', 'copies: Actual copy cost; searchTime: Search after 30 minutes chargeable', '{Personnel,"Criminal investigation","Tax/archaeological sites"}', '{"Standard process"}', '2025-09-23', 5, '2025-09-12 06:50:45.613271+00', '2025-09-12 06:50:45.613271+00'),
	('8251c831-3dc9-4e63-a4cd-0b280469d568', 'VA', 'Virginia', 'Freedom of Information Act', 'FOIA', 'Freedom of Information Act', 'C', 5, 65.00, 30, 'Records Custodian', 'https://va.gov', 'https://va.gov/public-records', 'copies: Actual cost of access/search/duplication; searchTime: Actual cost; itemized', '{Personnel/medical/tax,Attorney-client,"Working papers/real estate"}', '{"Standard process"}', '2025-09-23', 5, '2025-09-12 06:50:45.613271+00', '2025-09-12 06:50:45.613271+00'),
	('5ce1bd9c-665e-456c-8e85-c955edd9dcfd', 'WA', 'Washington', 'Public Records Act', 'Other', 'Public Records Act', 'D', 5, 65.00, 30, 'Records Custodian', 'https://wa.gov', 'https://wa.gov/public-records', 'copies: $0.15/page typical; searchTime: No search fee; statutory alternatives for electronic copies', '{Deliberative,Investigatory,Privacy}', '{"Standard process"}', '2025-09-23', 5, '2025-09-12 06:50:45.613271+00', '2025-09-12 06:50:45.613271+00'),
	('b43be410-b8cb-47e7-ae19-cf538850dc71', 'WV', 'West Virginia', 'Freedom of Information Act', 'FOIA', 'Freedom of Information Act', 'C', 5, 65.00, 30, 'Records Custodian', 'https://wv.gov', 'https://wv.gov/public-records', 'copies: Actual copy cost; searchTime: No search/retrieval fee (statute)', '{"Trade secrets","Personal privacy","Exam data","Certain archaeological sites","Internal LE records"}', '{"Standard process"}', '2025-09-23', 5, '2025-09-12 06:50:45.613271+00', '2025-09-12 06:50:45.613271+00'),
	('0aeac1ab-92de-445f-af11-0582cb5e923a', 'WI', 'Wisconsin', 'Public Records Law', 'Other', 'Public Records Law', 'F', 10, 65.00, 30, 'Records Custodian', 'https://wi.gov', 'https://wi.gov/public-records', 'copies: Actual, necessary and direct costs; searchTime: No redaction time; no profit allowed', '{"LE informants/federal records","Trade secrets","Financial identity","Applicant confidentiality"}', '{"Standard process"}', '2025-09-23', 5, '2025-09-12 06:50:45.613271+00', '2025-09-12 06:50:45.613271+00'),
	('2de5619e-4cfa-42c8-bcc5-ab3cb142c9aa', 'WY', 'Wyoming', 'Public Records Act', 'Other', 'Public Records Act', 'F', 10, 65.00, 30, 'Records Custodian', 'https://wy.gov', 'https://wy.gov/public-records', 'copies: Reasonable copy fees; searchTime: Electronic search/retrieval fees allowed', '{"LE investigations","Testing materials","Institution research","Medical records"}', '{"Standard process"}', '2025-09-23', 5, '2025-09-12 06:50:45.613271+00', '2025-09-12 06:50:45.613271+00');


--
-- Name: refresh_tokens_id_seq; Type: SEQUENCE SET; Schema: auth; Owner: supabase_auth_admin
--

SELECT pg_catalog.setval('"auth"."refresh_tokens_id_seq"', 20, true);


--
-- Name: hooks_id_seq; Type: SEQUENCE SET; Schema: supabase_functions; Owner: supabase_functions_admin
--

SELECT pg_catalog.setval('"supabase_functions"."hooks_id_seq"', 1, false);


--
-- PostgreSQL database dump complete
--

RESET ALL;
